principioactivo,concentracion,formafarmaceutica
ACEITE ESENCIAL DE EUCALIPTO + MENTOL  + ALCANFOR + SALICILATO DE METILO,NO REPORTA,UNGÜENTO TÓPICO
ACEITE ESENCIAL DE EUCALIPTO + MENTOL  + ALCANFOR + SALICILATO DE METILO,6 G + 4 5 G + 4 5 G +8 G / 100 G,UNGÜENTO TÓPICO
ACEITE ESENCIAL DE EUCALIPTO + MENTOL  + ALCANFOR + TRIMENTINA,6 G + 5 G + 3 G +4 8 G / 100 G,UNGÜENTO TÓPICO
ACEITE DE HÍGADO DE PESCADO + OXIDO DE ZINC,20 G + 27 G /100 G,CREMA TÓPICA
ACETAMINOFÉN,HASTA LA CONCENTRACIÓN DE 500 MG,TODAS LAS PRESENTACIONES POR VÍA ORAL
ACETAMINOFÉN,3 2G / 100ML,JARABE
ACETAMINOFÉN,5G / 100ML,JARABE
ACETAMINOFÉN,500MG,TABLETA
ACETAMINOFÉN,250MG,SUPOSITORIO
ACETAMINOFÉN,325MG,TABLETA
ACETAMINOFÉN,125MG,GRANULADO-SACHET
ACETAMINOFÉN,250MG,GRANULADO-SACHET
ACETAMINOFÉN,325MG,GRANULADO-SACHET
ACIDO BÓRICO,5 G / 100 G,POLVO
ACIDO FÓLICO,400 MG,TABLETA
ACIDO HIPOCLOROSO,0 046G  EQUIVALENTE A 500PPM DE CLORO  / 100 ML,SOLUCION TOPICA
ACIDO SALICÍLICO,0 57G,PARCHE
ALCANFOR + MENTOL,3 G + 2 G / 100 G,UNGÜENTO TÓPICO
ALCANFOR + MENTOL,9 G + 1 35 G / 100 G,UNGÜENTO TÓPICO
ALCANFOR + MENTOL,4 G + 12 G / 100 G,UNGÜENTO TÓPICO
ALCANFOR + MENTOL + FENOL,1 % + 0 6 % + 0 5 %,PASTA
ALCANFOR + MENTOL + SALICILATO DE METILO,3 G + 4 G + 14 G / 100 G,PARCHE
ALCANFOR + MENTOL + SALICILATO DE METILO,36 MG + 33 MG + 7 1 MG,PARCHE
ALCANFOR + MENTOL + SALICILATO DE METILO,28 MG + 131 MG + 144 MG,PARCHE
ALCANFOR + MENTOL + SALICILATO DE METILO,3 95 % + 0 975% + 1 475%,UNGÜENTO
ALCANFOR + ÓXIDO DE ZINC,0 1 G + 8 G / 100 ML,SUSPENSIÓN TÓPICA
ALCANFOR + YODO METALICO + SALICILATO DE METILO + MENTOL + ALCANFOR,0 5 G + 2 G + 5 G + 0 5 G  / 100 G,UNGÜENTO TÓPICO
ALCANFOR + YODO METALICO + SALICILATO DE METILO + MENTOL + ALCANFOR,1 G + 10 G + 12 G + 1 G  / 100 ML,SOLUCIÓN TÓPICA
ALCANFOR + MENTOL  + SALICILATO DE METILO + TREMENTINA,4 G + 5 G + 2 5 G + 4 G / 100 G,UNGÜENTO TÓPICO
ALCANFOR + MENTOL  + SALICILATO DE METILO + TREMENTINA,2 6 G  + 4 3 G + 5 2 G + 13 1 G / 100 G,UNGÜENTO TÓPICO
ALCANFOR + MENTOL  + SALICILATO DE METILO + TREMENTINA,4 G+ 3 G + 6 G + 2 G / 100 G,UNGÜENTO TÓPICO
ALCANFOR + MENTOL  + SALICILATO DE METILO + TREMENTINA,4 3 G + 4 3 G + 13 G + 12 G / 100  G,SOLUCIÓN TÓPICA
ALCANFOR + MENTOL  + SALICILATO DE METILO + TREMENTINA,13 G + 4 3 G + 4 3 G + 16 2 G / 100 G,SOLUCIÓN TÓPICA
ALCANFOR + SALICILATO DE METILO + MENTOL +  TREMENTINA + EUCALIPTOL,8 G + 2 G + 3 G + 8 G+5MG  / 100 ML,LIQUIDO OLEOSO  ACEITE
ALCANFOR + SALICILATO DE METILO + MENTOL +  TREMENTINA + EUCALIPTOL,5 G + 4 5 G + 3 G + 4 7 G + 2 5 G    / 100 G,UNGÜENTO TÓPICO
ALCANFOR + SALICILATO DE METILO + MENTOL +  TREMENTINA + EUCALIPTOL,3 G + 2 G + 1 5 G + 3 G + 4 G  / 100 G,UNGÜENTO TÓPICO
ALCANFOR + SALICILATO DE METILO + MENTOL +  TREMENTINA + EUCALIPTOL,4 3 G + 8 6 G + 4 3 G + 4 3 G + 4 3 G / 100 G,UNGÜENTO TÓPICO
ALCANFOR + SALICILATO DE METILO + MENTOL +  TREMENTINA + EUCALIPTOL,2 2 G + 1 1 G + 1 1 G + 1 1 G + 0 5 G / 100 G,UNGÜENTO TÓPICO
ALCANFOR + OXIDO DE ZINC + HEXACLOROFENO + ACIDO BORICO,1 G + 5 G + 0 1 G + 4 G  / 100 G,POLVO PARA USO TÓPICO
ALCANFOR + FENOL + TIMOL + BENZOCAINA,10 G + 2 G + 1 G + 0 3 G  / 100 ML,LIQUIDO OLEOSO  ACEITE
ALCANFOR+  OXIDO DE ZINC + CLORURO DE BENZALCONIO + MENTOL,0 7 G + 10 G + 0 1 G + 0 1 G / 100 G,POLVO PARA USO TÓPICO
ALCANFOR + ALICILATO DE METILO + TREMENTINA + CAPSICUM TINTURA + AMONIACO SOLUCIÓN AL 22%,2 G + 25 G + 15 G + 0 1 G + 1 G / 100 ML,SOLUCIÓN TÓPICA
ALCANFOR + EUCALIPTO + MENTOL  + MENTA + CTINTURA DE BENJUI COMPUESTA  BENJUI EN GRANO ALOES EN POLVO ESTORAQUE ESPONJILLA BALSAMO DE TOLU ALCOHOL 96º,5G + 1 G + 3 ML + 0 2 ML + 20 ML /100ML,SOLUCIÓN NASAL
ALCANFOR + ALCOHOL ETILICO + MENTOL,0 5 G + 67 ML + 0 5 G  / 100 ML,SOLUCIÓN TÓPICA
ALCANFOR + MENTOL + EUCALIPTO + TREMENTINA + TIMOL,5 2 G + 2 8 G + 1 3 G + 4 6 G + 0 09 / 100 G,UNGÜENTO TÓPICO
ALCANFOR + ACIDO SALICILICO + ACIDO UNDECILICO,1 G + 2 G + 1 G  / 100 G,POLVO PARA USO TÓPICO
ALCANFOR + ACIDO SALICILICO + ACIDO BENZOICO + EUCALIPTO + MENTA,0 05 G + 1 8 G + 0 1 G + 0 2 G + 0 02 G,LOCIÓN
ALCANFOR + SALICILATO DE METILO + ACIDO SALICILICO + EUCALIPTO + MENTOL,2 5 G + 8 G + 3 G + 5 G + 2 5 G /  100 ML,SOLUCIÓN TÓPICA
ALCANFOR+ SALICILATO DE METILO + MENTOL + EUCALIPTO,4 5G+ 8G + 4 5G+ 6G /100ML,LOCION TOPICA
ALCANFOR + SALICILATO DE METILO + OLEORESINA DE CAPSICO,5 G + 15 G +  5 G / 100 ML,SOLUCIÓN TÓPICA
ALCANFOR + MENTOL + EUCALIPTO + GOMENOL,3 G + 0 2 G + 4 G + 2 G / 100 G,CREMA TÓPICA
ALCANFOR + MENTOL + EUCALIPTO + GOMENOL,3 G + 0 3 G + 4 G + 2 G / 100 ML,LIQUIDO OLEOSO  ACEITE
ALCANFOR + MENTOL + EUCALIPTO  + GOMENOL + METILO SALICILATO,6 G + 1 8 G + 0 4 G + 0 4 G + 7 G / 100 G,CREMA TÓPICA
ALCANFOR + OXIDO DE ZINC + ACETATO DE CLORHEXIDINA,1 G + 10 G + 0 5 G / 100 G,POLVO PARA USO TÓPICO
ALCANFOR + MENTOL + SALICILATO DE METILO +  EUCALIPTO + PETROLATO BLANCO,9 G + 2 G + 3 4 G + 0 8 G + 84  8 G / 100 G,UNGÜENTO TÓPICO
ALCANFOR + BENZOATO DE BENCILO,10 G + 10 G / 100 ML,SOLUCIÓN TÓPICA
ALCANFOR + MENTOL + OXIDO DE ZINC + TIMEROSAL,3 G + 0 6 G + 4 G + 0 1 G / 100 G,POMADA
ALCANFOR + YODO METALICO + YODURO DE POTASIO + SALICILATO DE METILO + GUAYACOL,10 G + 2 G + 2 G + 10 G + 6 G / 100 G,POMADA
ALCANFOR + MENTOL  + TIMOL + EUCALIPTOL + SALICILATO DE METILO + TREMENTINA,5 3 G + 2 9 G + 0 1 G + 1 4 G + 4 7 G / 100 G,UNGÜENTO TÓPICO
ALCANFOR + GUAYACOL + MENTOL + EUCALIPTO,1 5 G + 3 G + 0 5 G + 1 5 G / 100 G,UNGÜENTO TÓPICO
ALCANFOR + SALICILATO DE METILO + GUAYACOL + EUCALIPTUS +  TREMENTINA,4 G + 5 G + 5 G + 5 G + 5 G / 100 G,CREMA TÓPICA
ALCANFOR + SALICILATO DE METILO + GUAYACOL + EUCALIPTUS +  TREMENTINA,5 G + 5 G + 5 G + 5 G + 9 G,UNGÜENTO TÓPICO
ALCANFOR + MENTOL + GUAYACOL + EUCALIPTOL + TREMENTINA + SALICILATO DE METILO,1 6 G + 3 3 G + 3 3 G + 5 G + 6 7 G + 6 7 G / 100 ML,SOLUCIÓN TÓPICA
ALCANFOR + MENTOL + EUCALIPTOL +  TREMENTINA + NUEZ MOSCADA + HOJAS DE CEDRO + TIMOL,4 6 G + 5 2 G + 2 8 G + 1 3 G + 0 6 G + 0 4 + 0 09 G / 100 G,UNGÜENTO TÓPICO
ALCANFOR + MENTOL + EUCALIPTOL +  TREMENTINA + NUEZ MOSCADA + HOJAS DE CEDRO + TIMOL,5 3 G + 2 9 G + 1 3 G + 4 8 G +0 7 G + 0 4 G +  1 G  / 100 G,UNGÜENTO TÓPICO
ALCANFOR + MENTOL + GUAYACOL + SALICILATO DE METILO,5 G +1 G + 3 G + 10 G / 100 G,UNGÜENTO TÓPICO
ALCANFOR + MENTOL + GUAYACOL + SALICILATO DE METILO,2 G + 7 G + 0 5 G + 0 5 G / 100 ML,SOLUCIÓN TÓPICA
ALCANFOR + GUAYACOL + TIMOL + TREMENTINA + EUCALIPTOL + MENTOL,1 3 G + 0 1 G + 0 1 G + 0 4 G + 5 3 G + 2 8 G / 100 G,UNGÜENTO TÓPICO
ALCANFOR + MENTOL + EUCALIPTOL + TREMENTINA + NUEZ MOSCADA + HOJAS DE CEDRO,4 5 G + 5 2 G + 2 8 G + 1 3 G + 0 6 G + 0 4 G / 100 G,CREMA TÓPICA
ALCANFOR + ESORCINA MONOACETATO  EURESOL  + IRGASAN  DP-300  TRICLOSAN  + AZUFRE  HIDRO ALCOHOL SOLUBILIZADO   BIO  AZUFRE   FL,0 2 G + 0 5 G + 0 1 G + 2 G / 100 ML,LOCIÓN
ALCANFOR + MENTOL + EUCALIPTOL + SALICILATO DE METILO + IODO METALICO,2 5 G + 3 G + 5 G +  6 G + 6 G / 100 G,POMADA
ALCANFOR + MENTOL  + GUAYACOLATO + SALICILATO DE METILO +  TREMENTINA,3 G + 5 G + 4 G + 2 G + 5 G / 100 G,UNGÜENTO TÓPICO
ALCANFOR + SALICILATO DE METILO + EUCALIPTOL + TREMENTINA,4 5 G + 3 7 G + 3 7 G + 4 5 G / 100 G,UNGÜENTO TÓPICO
ALCANFOR +MENTOL + SALICILATO DE METILO,4% + 3% + 10%,UNGÜENTO TOPICO
ALCANFOR + CALAMINA,0 1 G + 8 G  / 100 ML,SOLUCIÓN TÓPICA
ALCOHOL ETÍLICO 96% + MENTOL,73 0 ML +  0 39 G / 100ML,LOCIÓN
ALCOHOL ETÍLICO 96° GL,72 90ML  / 100ML,SOLUCIÓN TÓPICA
ACEITE DE HÍGADO DE BACALAO QUE APORTA 9360 UI / G DE VITAMINA A 945 UI / G DE VITAMINA D  9 G  VITAMINA A PALMITATO / VITAMINA D3  10 1  QUE APORTA 47425 926 UI / G DE VITAMINA A PALMITATO Y 5040 5 UI / G DE VITAMINA D3  0 046 G,9361 UI + 945 UI + 9 G + 47425 926 UI + 5040 5 UI + 0 046 G,EMULSIÓN ORAL
ACEITE MINERAL,100 ML / 100 ML,SOLUCIÓN ORAL
ACEITE MINERAL + LANOLINA ANHIDRA + PETROLATO BLANCO,30 MG + 30 MG + 1 G / 1 G,UNGÜENTO OFTÁLMICO
ACEITE MINERAL + PICOSULFATO DE SODIO,33 3 MG + 28 2 G / 100 ML,EMULSIÓN ORAL
ACEITE MINERAL + FENOLFTALEINA,28 6 G + 1 3 G / 100 ML,EMULSIÓN
ACEITE MINERAL + CALCIO + VITAMINA D + MALTODEXTRINA + CELULOSA MICROCRISTALINA + ÁCIDO ESTEÁRICO + ESTEARATO DE MAGNESIO + CROSPOVIDONA,9 8 MG + 600 MG + 200 UI + 124 5 MG + 28 MG + 0 02 MG + 0 02MG + 0 02 MG,TABLETA CUBIERTA
ACEITE MINERAL + PETROLATO BLANCO,42 5 G + 56 8 G / 100 G,UNGÜENTO OFTALMICO
ACEITE MINERAL + ÓXIDO DE ZINC + LANOLINA,15 G +20G + 10 G / 100 G,PASTA
ACEITE MINERAL+LANOLINA ANHIDRA LIQUIDA,30 MG +30 MG/G,UNGÜENTO OFTÁLMICO
ACETAMINOFÉN + ÁCIDO CÍTRICO + BICARBONATO DE SODIO + CARBONATO DE SODIO,0 5G + 2 1440G + 2 3180G + 0 5G / 5 5 G,POLVO EFERVESCENTE PARA RECONSTITUIR A SOLUCIÓN ORAL
ACETAMINOFÉN + HIOSCINA N-BUTILBROMURO,500MG + 10MG,TABLETA
"ACETAMINOFEN + N - BUTIL 
BROMURO   DE   HIOSCINA",325MG + 10MG,TABLETA
ACETAMINOFÉN + CLORFENIRAMINA MALEATO,2 50G + 20 0 MG / 100 ML,JARABE
ACETAMINOFÉN + CAFEÍNA,250 MG +  20 MG,CÁPSULA BLANDA
ACETAMINOFÉN + CAFEÍNA + IBUPROFENO,250MG + 65MG + 400MG,CÁPSULA BLANDA / TABLETAS
ACETAMINOFÉN + CAFEÍNA + IBUPROFENO,250 MG+65 MG + 200 MG,CÁPSULA BLANDA
ACETAMINOFEN + IBUPROFEN  + CAFEÍNA,250 MG + 400 MG +  65 MG,CÁPSULA BLANDA  QUE CONTIENE 2 TABLETAS
ACETAMINOFÉN + CAFEÍNA + FENILEFRINA CLORHIDRATO,500 MG + 25 MG + 5 MG,TABLETA RECUBIERTA
ACETAMINOFÉN + CAFEÍNA + ÁCIDO ACETILSALICÍLICO,250MG + 65MG + 250MG,TABLETA
ACETAMINOFÉN + CAFEÍNA ANHIDRA + FENILEFRINA CLORHIDRATO + CETIRIZINA DICLORHIDRATO,500MG+30MG+10MG+5MG,CÁPSULA BLANDA
ACETAMINOFÉN  + FENILEFRINA CLORHIDRATO + CLORFENIRAMINA MALEATO,500MG+10MG+4MG / SOBRE,GRANULADO
ACETAMINOFÉN+FENILEFRINA CLORHIDRATO+HIDROBROMURO DE DEXTROMETORFANO+MALEATO DE CLORFENIRAMINA,325MG+5MG+10MG+2MG,CÁPSULA BLANDA
ACETAMINOFÉN+FENILEFRINA CLORHIDRAO+HIDROBROMURO DE DEXTROMETORFANO,325MG+5MG+10MG,CAPSULA BLANDA
ACETAMINOFEN+FENILLEFRINA CLORHIDRATO+HIDROBROMURO DE DEXTROMETORFANO+CLORFENIRAMINA MALEATO,500MG + 5MG + 15MG + 2MG,TABLETA
ACETAMINOFEN + FENILEFRINA CLORHIDRATO + DESLORATADINA+ CAFEINA ANHIDRA,7 69G + 0 31G + 0 04G + 0 46G / 100G,GRANULADO
ACETAMINOFEN + CAFEINA ANHIDRA + FENILEFRINA CLORHIDRATO + DESLORATADINA,500MG +  30MG + 20MG + 2 5MG,CÁPSULA
ACETAMINOFEN+DOXILAMINA SUCCINATO+DEXTROMETORFANO BROMOHIDRATO,325MG + 6 25MG + 15MG,CÁPSULA BLANDA
ACETAMINOFEN+CLORHIDRATO DE FENILEFRINA +DEXTROMETORFANO BROMOHIDRATO+DOXILAMINA SUCCINATO,250MG 10MG +  5MG + 6 25MG,CÁPSULA BLANDA
ACETAMINOFEN + LEVOCETIRIZINA DICLORHIDRATO+ FENILEFRINA CLORHIDRATO + DEXTROMETORFANO BROMHIDRATO,500 MG + 2 5MG + 20MG + 20MG/SOBRE  15 GRAMOS,POLVO P/R A SOLUCIÓN
ACETAMINOFEN +  FENILEFRINA CLORHIDRATO + DIFENHIDRAMINA CLORHIDRATO + DEXTROMETORFANO BROMHIDRATO,500MG + 10MG + 25MG + 20MG/SOBRE  15 GRAMOS,POLVO P/R A SOLUCIÓN
ACETATO DE ALUMINIO,0 05 G / 100 ML,LOCIÓN TÓPICA
ACETATO DE ALUMINIO,0 05 G / 100 G,CREMA
ACETATO DE ALUMINIO,6 15G  / 100ML,SUSPENSIÓN ORAL
ACETATO DE ALUMINIO,234 MG,TABLETA
ACETATO DE CALCIO + SULFATO DE ALUMINIO,0 069 G + 0 099 G / 100 ML,LOCIÓN
ACETATO DE ALUMINIO + SULFATO DE ALUMINIO,0 1480 MG + 0 059 MG,LOCIÓN
ACETATO DE ALUMINIO + SULFATO DE ALUMINIO,15 MG + 36 6 MG / 100 ML,SOLUCIÓN TÓPICA
ACETATO DE ALUMINIO + ACETATO DE CALCIO,0 14 MG + 0 89 ML / 100  ML,LOCIÓN
ACETATO DE ALUMINIO + ACETATO DE CALCIO,76 MG + 86 MG / 100 ML,LOCIÓN
ACETATO DE ALUMINIO + ACETATO DE CALCIO,0 18 G + 0 16 G / 100 ML,LOCIÓN
ACETATO DE ALUMINIO + ACETATO DE CALCIO + ÁCIDO ACÉTICO + ÁCIDO BÓRICO + SULFATO DE ALUMINIO,0 05 G + 0 05 G + 0 04 G + 0 04 G + 0 07 G  / 100 ML,LOCIÓN
ACETATO DE ULIPRISTAL,30MG,TABLETA
ACICLOVIR,5 G / 100 G,CREMA TÓPICA - LABIAL
ACICLOVIR,5G / 100 G,UNGÜENTO TÓPICO
ACICLOVIR,5G / 100G,CREMA VAGINAL
ACICLOVIR,9 G / 100G,CREMA
ÁCIDO ACÉTICO,0 077 G/100 ML,SOLUCIÓN  VAGINAL
ÁCIDO ACETILSALICÍLICO  + CAFEÍNA,650 MG + 65 MG,POLVO EFERVECENTE
ÁCIDO ACETILSALICÍLICO  + CAFEÍNA,500 MG + 50 MG,TABLETA
ÁCIDO ACETILSALICÍLICO  + CAFEÍNA,500 MG + 65 MG,TABLETA
ÁCIDO ACETILSALICÍLICO  + CAFEÍNA,500 MG + 30 MG,TABLETA
ÁCIDO ACETILSALICÍLICO  + CAFEÍNA,650 MG + 60 MG,TABLETA
ÁCIDO ACETILSALICÍLICO  + CAFEÍNA,500 MG + 50 MG,TABLETA
ÁCIDO ACETILSALICÍLICO  + CAFEÍNA,500 MG + 45 MG,TABLETA
ÁCIDO ACETILSALICÍLICO  + BICARBONATO DE SODIO,0 5 G + 2 8 G,GRANULOS EFERVECENTES
ÁCIDO ACETILSALICÍLICO  + BICARBONATO DE SODIO + CAFEINA,0 65 G + 2 5 G + 0 5 G,GRANULOS EFERVECENTES
ÁCIDO ACETILSALICÍLICO  + BICARBONATO DE SODIO + CAFEINA + ÁCIDO CITRICO EN POLVO,500 MG + 1400 MG + 65 MG + 1000 MG/ SOBRE  3340 MG,POLVO EFERVESCENTE
ÁCIDO ACETILSALICÍLICO + HIDROXIDO DE ALUMINIO GEL SECO + HIDROXIDO DE MAGNESIO,325 MG + 75 MG + 75 MG,TABLETA
ÁCIDO ACETILSALICÍLICO  + PARACETAMOL + CAFEINA,200 MG + 150 MG + 50 MG,TABLETA
ÁCIDO ASCÓRBICO + ASCORBATO DE SODIO,260 MG + 290 MG,TABLETA MASTICABLE
ÁCIDO ASCÓRBICO + ASCORBATO DE SODIO,218 MG + 345 MG,TABLETA MASTICABLE
ÁCIDO BENZÓICO + TINTURA DE YODO OFICINAL,1 G + 26 ML / 100 ML,SOLUCIÓN TÓPICA
ÁCIDO BENZÓICO + RESORCINOL,4 G + 5 G / 100 G,UNGÜENTO TÓPICO
ÁCIDO BENZOICO + ÁCIDO SALICÍLICO,6 G + 3 G / 100 ML,SOLUCIÓN TÓPICA
ÁCIDO BENZOICO + ÁCIDO BÓRICO + RESORCINOL,5G + 5 G + 3 G/ 100 G,CREMA
ÁCIDO BENZOICO + ÁCIDO SALICÍLICO + RESORCINOL,5 G + 2 5 G + 2 22 G / 100 ML,LOCIÓN
ÁCIDO BENZOICO + ÁCIDO SALICÍLICO + RESORCINOL,5 G + 5 G +  3 G / 100 ML,LOCIÓN TÓPICA
ÁCIDO BENZOICO + ÁCIDO SALICÍLICO + AZUFRE PRECIPITADO,5 G + 2 5 G + 5 G / 100 G,CREMA TÓPICA
ÁCIDO BENZOICO + ÁCIDO SALICÍLICO + OXIDO DE ZINC,6 G + 3 G + 20 G / 100 G,UNGÜENTO TÓPICO
ÁCIDO BENZOICO + IRGASAN,5 G + 0 1 G / 100 G,POLVO PARA USO TÓPICO
ÁCIDO BENZOICO + ÁCIDO SALICÍLICO + YODO + YODURO DE POTASIO,2 G + 2 G + 1 2 G + 2 4 G / 10 ML,SOLUCIÓN TÓPICA
ÁCIDO BÓRICO + DMDM HIDANTOÍNA,0 50 % + 0 10 %,GEL TÓPICO
ÁCIDO BÓRICO + ÓXIDO DE ZINC,2 G + 2G /100G,CREMA TÓPICA
ÁCIDO CÍTRICO + BICARBONATO DE SODIO + SIMETICONA,38 21 G + 55 14 + 1 G / 100 G,GRÁNULOS
ÁCIDO CÍTRICO + BICARBONATO DE SODIO + CARBONATO DE MAGNESIO,9 3 G + 0 6 G + 4 2 G / 100 ML,SOLUCIÓN ORAL
ÁCIDO CÍTRICO + BICARBONATO DE SODIO + ÁCIDO TARTARICO,16 4 G + 56 6 G + 27 G / 100 G,POLVO Y GRANULADO
ÁCIDO CÍTRICO + BICARBONATO DE SODIO + ÁCIDO TARTARICO,28 2 G + 53 5 G + 18 G / 100 G,POLVO Y GRANULADO
ÁCIDO CÍTRICO + BICARBONATO DE SODIO + ÁCIDO TARTARICO,8 1 G + 54 3 G + 37 5 / 100 G,POLVO Y GRANULADO
ÁCIDO CÍTRICO + BICARBONATO DE SODIO + ÁCIDO TARTARICO,13 6 G + 47 1 G + 22 5 G / 100 G,POLVO Y GRANULADO
ÁCIDO CÍTRICO + BICARBONATO DE SODIO + ACIDO ACETILSALICILICO,1000 MG + 1700 MG + 325 MG,TABLETA EFERVECENTE
ÁCIDO CÍTRICO + BICARBONATO DE SODIO + ACIDO ACETILSALICILICO,1 MG + 1 9 MG + 500 MG,TABLETA EFERVECENTE
ÁCIDO CÍTRICO + BICARBONATO DE SODIO + ACIDO ACETILSALICILICO,1 G + 1 9 G + 324 MG,TABLETA EFERVECENTE
ÁCIDO CÍTRICO + BICARBONATO DE SODIO,39 9 G + 53 4 G / 100 G,GRANULOS EFERVECENTES
ÁCIDO CÍTRICO + BICARBONATO DE SODIO,43 2 G + 46 7  G / 100 G,POLVO PARA RECONSTITUIR A SOLUCIÓN ORAL
ÁCIDO CÍTRICO ANHIDRO + ÁCIDO TARTÁRICO +  BICARBONATO DE SODIO,13 66 G + 22 50 G+  47 160 G / 100G,GRÁNULOS EFERVESCENTES
ÁCIDO CÍTRICO + BICARBONATO DE SODIO + ÁCIDO TARTARICO + SULFATO DE SODIO,10 G + 30 G + 20 G + 20 G / 100 G,GRANULOS EFERVECENTES
ÁCIDO CÍTRICO + HIDROXIDO DE MAGNESIO,8 G + 2 G / 100 ML,SUSPENSIÓN ORAL
ÁCIDO CÍTRICO + BICARBONATO DE SODIO + CARBONATO DE SODIO,2 1 G + 2 3 G + 0 5 G / 5 G,POLVO PARA RECONSTITUIR A SOLUCIÓN ORAL
ÁCIDO CÍTRICO + HIDROXIDO DE MAGNESIO + METILPARABENO,0 02 G + 28 G + 0 2 G / 100 ML,SUSPENSIÓN ORAL
ÁCIDO CÍTRICO + CLORURO DE SODIO + CITRATO DE SODIO DIHIDRATO + CITRATO DE POTASIO MONOHIDRATO + DEXTROSA ANHIDRA,369 MG + 205 MG + 98 MG + 216 MG + 2 5 G / 100 ML,SOLUCIÓN ORAL
ÁCIDO DEHIDROCÓLICO + PANCREATINA + SIMETICONA,100 MG + 150 MG + 80 MG,CÁPSULA DURA
ÁCIDO ASCÓRBICO + ALCOHOL POLIVINÍLICO + DEXTROSA + EDETATO DI- SÓDICO + FOSFATO DE SODIO DI-BÁSICO + FOSFATO DE SODIO MONOBÁSICO + POLI-ETILENGLICOL,1 G + 0 9 G + 3 3 G + 0 1 G + 0 12 G + 0 1 G + 0 5 MG,SOLUCIÓN OFTÁLMICA
ÁCIDO FÓLICO,0 4 MG,TABLETA
ÁCIDO FÓLICO,0 8 MG,TABLETA
ÁCIDO FÓLICO,1 MG,TABLETA
ACIDO HIALURÓNICO,1 5 MG / ML,SOLUCIÓN OFTÁLMICA
ÁCIDO SALICÍLICO,20G / 100 G,SOLUCIÓN TÓPICA
ÁCIDO SALICÍLICO,8G / 100 G,ESPUMA
ÁCIDO SALICÍLICO,5G / 100 ML,LOCIÓN
ÁCIDO SALICÍLICO,10 G / 100 ML,LOCIÓN
ÁCIDO SALICÍLICO,11G / 100 ML,LOCIÓN
ÁCIDO SALICÍLICO,11 M G / 120 ML,CHAMPÚ
ÁCIDO SALICÍLICO,7 5MG / 100ML,CHAMPÚ
ÁCIDO SALICÍLICO,5 MG,TABLETA
ÁCIDO SALICÍLICO + ÁCIDO LÁCTICO,20 G +  5  G/100 ML,SOLUCIÓN
ÁCIDO SALICÍLICO + ÁCIDO LÁCTICO,0 167G + 0 167 /ML,SOLUCIÓN TÓPICA
ÁCIDO UNDECILÉNICO + UNDECILINATO DE ZINC,2 G + 20 G / 100 G,POLVO PARA USO TÓPICO
AESCINA,10 5 G,GEL TÓPICO
AESCINA,300 MG,TABLETA CUBIERTA
AESCINA,20 MG,TABLETA CUBIERTA
AESCINA + HEPARINOIDE +SALICILATO DE DIETILAMINA,10 G + 0 3 G + 5 G /100 G,GEL TÓPICO
AGUA DE MAR ISOTÓNICA + AGUA PURIFICADA,31 82ML + 68 18ML/100ML,SOLUCIÓN NASAL
ALANTOÍNA,0 2 G / 100 ML,CREMA TÓPICA
ALANTOINA + IRGOSAN + RESORCINONAMONOARETATO + BIO-AZUFRE-FLUIDO + MENTOL,0 01 G + 0 15 G + 0 5 G + 2 G / 100 ML,LOCIÓN
ALANTOINA + OXIDO DE ZINC + OXIDO DE ZINC + OXIDO DE HIERRO,1 G + 5 G + 5 G + 0 2 G / 100 G,CREMA TÓPICA
ALCOHOL POLIVINILLICO + POLIETILENGLICOL  + DEXTROSA,9 MG + 5 MG + 33 MG / 1 ML,SOLUCIÓN OFTÁLMICA
ALCOHOL POLIVINÍLICO,14 MG / ML,SOLUCIÓN OFTÁLMICA
ALANTOÍNA + SOLUCIÓN ALQUITRÁN DE HULLA,0 2 G + 5 0 G / 100 ML,EMULSIÓN
ALANTOINA + OXIDO DE ZINC,1 G + 12 G / 100 G,CREMA TÓPICA
ALGINATO DE SODIO + HIDROXIDO DE ALUMINIO + HIDROXIDO DE MAGNESIO + BICARBONATO DE SODIO + SIMETICONA,1 5 G + 2 G + 2 G + 1 7 G + 300 MG / 100 ML,SUSPENSIÓN ORAL
ALGINATO DE SODIO,2 5 G / 100 ML,SUSPENSIÓN ORAL
ALGINATO DE SODIO  + BICARBONATO DE SODIO + SIMETICONA,5 G + 2 6 G + 1 G / 100 ML,SUSPENSIÓN ORAL
ALGINATO DE SODIO  + BICARBONATO DE SODIO  + MAGALDRATO  + SIMETICONA,5G + 2 67 + 8G + 1 2G / 100ML,SUSPENSIÓN ORAL
ALGINATO DE SODIO  + BICARBONATO DE SODIO,2 5 G + 2 67 G / 100 ML,SUSPENSIÓN ORAL
ALGINATO DE SODIO  + BICARBONATO DE SODIO,1000MG + 200 MG / 10 ML,SUSPENSIÓN ORAL
ALGINATO DE SODIO  + BICARBONATO DE SODIO + CARBONATO DE CALCIO,2 5  G + 2 67 G + 1 5 G / 100 ML,SUSPENSIÓN ORAL
ALGINATO DE SODIO  + BICARBONATO DE SODIO + CARBONATO DE CALCIO,500 MG + 213 MG + 325 MG / 100ML **,SUSPENSIÓN ORAL
ALGINATO DE SODIO  + BICARBONATO DE SODIO + CARBONATO DE CALCIO,500 MG +  267 MG + 160 MG / 100ML,SUSPENSIÓN ORAL
ALGINATO DE SODIO  + BICARBONATO DE SODIO + CARBONATO DE CALCIO,500 MG + 213 MG + 325 MG / 10 ML,SUSPENSIÓN ORAL
ALGINATO DE SODIO  + BICARBONATO DE SODIO + CARBONATO DE CALCIO,250 MG + 133 5 MG + 80 MG,TABLETA MASTICABLE
ALGINATO DE SODIO  + BICARBONATO DE SODIO + CARBONATO DE CALCIO,250 MG + 1065 5 MG + 187 5 MG,TABLETA MASTICABLE
ALGINATO DE  SODIO + SIMETICONA AL 30 %,2 5 G + 1 G /100 ML,SUSPENSIÓN ORAL
ALCOHOL  ETÍLICO + GLUCONATO DE CLORHEXIDINA EQUIVALENTE A CLORHEXIDINA,61G + 1 G/ 100 ML,SOLUCIÓN TÓPICA
ALCOHOL  ETÍLICO + GLUCONATO DE CLORHEXIDINA EQUIVALENTE A CLORHEXIDINA,70 G  + 2 G / 100 ML,SOLUCIÓN TÓPICA
ALCOHOL ISOPROPÍLICO + IODO POVIDONA,72 G + 7 5 G / 100 ML,LOCIÓN
AMBROXOL,15MG,GOMA EN FORMA DE PASTILLA
AMBROXOL,30 MG,CÁPSULAS DE GELATINA BLANDA
AMBROXOL,75 MG,CÁPSULA DURA DE LIBERACIÓN PROLONGADA
AMBROXOL,300 MG / 100 ML,JARABE
AMBROXOL,600 MG / 100 ML,JARABE
AMBROXOL,7 5 MG / ML,SOLUCIÓN ORAL
AMBROXOL,20 MG,TABLETA ORODIPERSABLE
AMBROXOL,30 MG,TABLETA
AMBROXOL,15 MG / SOBRE,GRANULADO O POLVO PARA RECONSTITUIR A SOLUCIÓN ORAL
AMBROXOL,0 75 G / 100 ML,SOLUCIÓN PARA INHALACIÓN
AMLEXANOX,0 05 G,TABLETA
AMILMETACRESOL +  ALCOHOL 2 4 DICLOROBENCÍLICO,0 6 MG + 1 2 MG /TABLETAS DE DISOLUCIÓN BUCAL,TABLETAS DE DISOLUCIÓN BUCAL
ANTOCIANIDINAS,28 8 MG,CÁPSULA
ANTOCIANIDINAS,60 MG,CÁPSULA DURA
AMILMETACRESOL + ALCOHOL 2 4- DICLOROBENCÍLICO,0 6 MG + 1 2 MG,TABLETA
AMOROLFINA,2 5 G / 100 G,CREMA TÓPICA
AMOROLFINA,5G / 100 G,CREMA TÓPICA
AMOROLFINA,5 G / 100 ML,LACA / SOLUCIÓN TÓPICA
ATAPULGUITA,750 MG,TABLETA
AZUFRE + ÓXIDO DE ZINC,3 2 G + 5 4 G / 100ML,SUSPENSIÓN TÓPICA
AZUFRE PRECIPITADO + ÁCIDO SALICÍLICO,10 G + 3 G  / 100 G,PASTA DE JABÓN
AZUFRE + BORAX,2 G + 0 4 G / 100 G,PASTA DE JABÓN
AZUFRE +  ÁCIDO SALICÍLICO + ÓXIDO DE ZINC + RESORCINA,1 G + 1 G + 2 G + 0 2 G / 100 G,POMADA
AZUFRE + PEROXIDO DE BENZOILO,10 G + 10 G / 100 ML,CREMA TÓPICA
AZUFRE + CARBONATO DE POTASIO,20 G + 10 G / 100 G,UNGÜENTO TÓPICO
AZUFRE + OXIDO DE ZINC + RESORCINOL + ACEITE ESENCIAL DE EUCALIPTO,5 G + 10 G + 2 G + 1 5 G / 100 G,UNGÜENTO TÓPICO
AZUFRE,10 G / 100 G,UNGÜENTO TÓPICO
AZUFRE,3 G / 100 G,PASTA
AZUFRE + BORAX + CREOLINA,0 2 G + 0 2 G + 0 5 G /100 G,PASTA DE JABÓN
AZUFRE + EXTRACTO VEGETAL  HIERBAMORA QUINA ROMERO Y EUCALIPTO + PETROLEO + DERIVADOS DE ALQUITRAN DE HULLA + BORATO DE SODIO,2 G + 21 5 G + 1 4 G + 0 1 G + 1 4 G / 85 G,JABÓN LÍQUIDO
AZUFRE + RESORCINOL,1 G + 2 G / 90 G,JABÓN LÍQUIDO
AZUFRE + BENZOATO DE BENCILO,0 5 G + 0 4 G / 100 G,PASTA DE JABÓN
AZUFRE + RESORCINOL + TRICLOSAN,8 G + 2 G + 0 1 G / 100 G,CREMA TÓPICA
BACILOS LÁCTICO ÁCIDOFILOS,1000 MILLONES/100ML,SOLUCIÓN ORAL
BACILLUS CLAUSII,ESPORAS DE BACILLUS CLAUSII 2000 MILLONES,CÁPSULAS
BACILLUS CLAUSII,ESPORAS DE BACILLUS CLAUSII 2000 MILLONES/5ML,SOLUCIÓN ORAL
BACILLUS CLAUSII,ESPORAS DE BACILLUS CLAUSII 400 MILLONES/5ML,SUSPENSION ORAL
BACILLUS CLAUSII,ESPORAS DE BACILLUS CLAUSII 4000 MILLONES DE UNIDADES DE ESPORA / 5ML,NO REPORTA
BENCIDAMINA CLORHIDRATO,0 15G /100ML,SOLUCIÓN BUCOFARÍNGEA
BENCIDAMINA CLORHIDRATO,30 MG / 100ML,SOLUCIÓN BUCOFARÍNGEA
BENCIDAMINA CLORHIDRATO,0 15 G / 100 ML,JABÓN LÍQUIDO
BENCIDAMINA CLORHIDRATO,100 MG / 100 ML,SOLUCIÓN TÓPICA
BENCIDAMINA CLORHIDRATO,0 15 G /100ML,SOLUCIÓN TÓPICA
BENCIDAMINA CLORHIDRATO,0 3 G  /100ML,SOLUCIÓN TÓPICA BUCAL
BENCIDAMINA CLORHIDRATO,3 MG,TABLETA MASTICABLE
BENCIDAMINA CLORHIDRATO,0 5 G / 100 G,CREMA VAGINAL
BENCIDAMINA CLORHIDRATO,0 498 G / 9 4 G,POLVO PARA USO TÓPICO
BENCIDAMINA CLORHIDRATO + CETILPIRIDINIO CLORURO,0 3 G + 0 2 G / 100 ML,SOLUCIÓN ORAL / TABLETA MASTICABLE
BENCIDAMINA CLORHIDRATO + CETILPIRIDINIO CLORURO,0 15 G + 0  05G /100 ML,SOLUCIÓN ORAL / TABLETA MASTICABLE
BENCIDAMINA CLORHIDRATO + CETILPIRIDINIO CLORURO,3 MG + 2 MG,SOLUCIÓN ORAL / TABLETA MASTICABLE
BENCIDAMINA CLORHIDRATO + CETILPIRIDINIO CLORURO,3 MG + 1 MG,GRANULADO ORAL
BENCIL BENZOATO  TÓPICO,25 G/ 100 ML,LOCIÓN
BENCIL BENZOATO  TÓPICO,30G / 100 ML,LOCIÓN
BENOXINATO CLORHIDRATO + CETILPIRIDINIO,0 2 MG  + 1 0 MG,TABLETA BUCAL
BENZALCONIO CLORURO,0 2 G /100 ML,SOLUCIÓN
BENZALCONIO CLORURO,0 13G /100 ML,LOCIÓN
BENZALCONIO CLORURO,20 MG,TABLETA EFERVECENTE
BENZALCONIO CLORURO + BENZOCAÍNA,0 1 G + 3 G / 100 ML,SOLUCIÓN TÓPICA
BENZOCAÍNA,20 MG / ML,SOLUCIÓN ÓTICA
BENZOCAÍNA,10 MG,TABLETA MASTICABLE
BENZOCAÍNA,7 5 / 100 G,GEL
BENZOCAÍNA + ANTIPIRINA,10 MG + 50 MG / ML,SOLUCIÓN ÓTICA
BENZOCAÍNA + CLORURO DE CETILPIRIDINIO,10  MG + 1 4 MG,TABLETAS MASTICABLE
BENZOCAÍNA + DECALINIO CLORURO,15 MG + 0 25 MG,TABLETA
BENZOCAÍNA + DIHIDROCLORURO DE CLORHEXIDINA,2 MG + 5 MG,TABLETA MASTICABLE
BENZOCAÍNA + MENTOL,5 G + 0 5 G / 100 G,GEL TÓPICO
BENZOCAÍNA + CLORURO DE DECUALINO,10 MG + 0 2 MG,TABLETA BUCAL
BENZOCAÍNA + EUGENOL,7 5 G + 1 G / 100 G,GEL TÓPICO
BENZOCAÍNA + CLORHEXIDINA GLUCONATO,2 G + 2 G / 100 ML,SOLUCIÓN TÓPICA
BENZOFENONA + OCTIL DIMETIL PABA,3 G + 7 G / 100 G,CREMA TÓPICA
BETA CAROTENO + VITAMINA C + VITAMINA E,6 MG + 50 MG + 10 UI,TABLETA
BETA CAROTENO + CALORIAS + PROTEINA + CARBOHIDRATO + GRASA + VITAMINA A + VITAMINA D + VITAMINA E + VITAMINA K + VITAMINA B1 + VITAMINA B2 + VITAMINA B6 + ACIDO FOLICO + ACIDO PANTOTENICO + VITAMINA B12 + BIOTINA + TAURINA + L-CARNITINA + INOSITOL + CALCIO  + FOSFORO + MAGNESIO + ZINC + HIERRO + COBRE + MANGANESO + YODO + SODIO + POTASIO + CROMO + CROMO + SELENIO + COLINA + NIACINA,0 1 MG + 100 U + 3 G + 12 8 G + 4 2 G + 240 IU + 56 UI + 2 8 IU + 3 AEG + 0 2 MG + 0 2 MG + 0 2 MG + 40 AEG + 1 MG + 0 6 AEG + 30 AEG + 8 MG + 4 MG + 8 MG + 100 MG + 80 MG + 20 MG + 1 5 MG + 1 4 MG + 0 1 MG + 0 2 MG + 12 AEG + 46 MG + 132 MG + 108 MG + 3 AEG +  3 AEG + 3 AEG + 30 MG + 2 MG / 100 ML,SUSPENSIÓN ORAL
BETA CAROTENO,10000 IU,CÁPSULA BLANDA
BETA CAROTENO + CALORIAS + PROTEINA + CARBOHIDRATO + GRASA + VITAMINA A + VITAMINA D + VITAMINA E + VITAMINA K + VITAMINA C + VITAMINA B1 + RIBOFLAVINA B2 + NIACINA + VITAMINA B6 + ACIDO FOLICO + ACIDO PANTOTENICO + VITAMINA B12 + BIOTINA + COLINA + TAURINA + CALCIO + FOSFORO + MAGNESIO + ZINC + HIERRO + HIERRO + MANGANESO + YODO + SODIO + POTASIO + CLORURO + CROMO + MOLIBDENO + SELENIO,0 8 MG + 100 QS + 3 9 G + 20 8 G + 0 06 G + 358 3 UI + 15 9 UI + 1 6 UI + 2 8 AEG + 7 9 MG + 0 1 MG + 0 1 MG + 1 1 MG + 0 2 MG + 30 7 AEG + 0 8 MG + 0 4 AEG + 23 AEG + 26 AEG + 4 6 MG + 50 9 MG + 101 MG + 15 3 MG + 0 8 MG + 0 6 MG + 0 08 MG + 0 1 MG + 5 8 AEG + 30 MG + 30 MG + 33 MG + 2 4 AEG + 6 7 AEG + 2 4 AEG,SOLUCIÓN ORAL
BICARBONATO DE SODIO,1 415 G / 2 7G,GRANULADO EFERVESCENTE
"BICARBONATO DE
SODIO + ÁCIDO ALGÍNICO",70 MG + 200MG,TABLETA MASTICABLE
"BICARBONATO DE
SODIO + CAFEÍNA ANHIDRA",2 83G + 0 065G / SOBRE,GRÁNULOS EFERVESCENTES
BICARBONATO DE SODIO + SIMETICONA,2 83 G + 100 MG / 6 G,GRÁNULOS EFERVESCENTES
"BILIS DE BUEY + EXTRACTO DE BOLDO + 
EXTRACTO DE RUIBARDO",0 125G + 5 0G + 2 0G,JARABE
BILIS DE BUEY + SULFATO DE SODIO + EXTRACTO FLUIDO DE CASCARA SAGRADA + EXTRACTO FLUIDO DE BOLDO + TINTURA DE RUIBARBO,0 125 G + 2 5 G + 3 33 ML + 2 5 ML + 2 5 ML / 100 ML,JARABE
BILIS DE BUEY EXTRACTO + EXTRACTO FLUIDO DE BOLDO 20 % + EXTRACTO DE FLUIDO DE CASCARA SAGRADA 20 % + EXTRACTO FLUIDO DE RUIBARBO 20 %,9 ML + 10 ML +  5 ML + 3 ML / 100ML,JARABE
BILIS DE BUEY EXTRACTO + SIMETICONA + HIDROLASA + PANCREATINA,25 MG + 40 MG + 50 MG + 175 MG,GRAGEA
BILIS DE BUEY EXTRACTO  COLEATO DE SODIO  + FIBRA DE CELULOSA + FIBRA DE MANZANA  + GOMA DE ACACIA + FIBRA DE CÍTRICOS + FIBRA DE AVENA,165 MG + 165 MG + 149 8 MG + 114 2 MG + 40 MG  + 20 MG,TABLETA
BILIS DE BUEY + PANCREATINA + SIMETICONA,30 MG +  175 MG + 125 MG,TABLETA
BILIS DE BUEY + CASCARA SAGRADA + BOLDO,1 G + 30 G + 15 ML  / 100 ML,JARABE
BILIS DE BUEY + CASCARA SAGRADA + BOLDO,2 ML + 4 ML + 2 ML / 100 ML,SOLICIÓN ORAL
BILIS DE BUEY + CONCENTRADO DE ENZIMAS DE ASPEGILUS ORYAE CONTENIENDO  CELULASA + PROTEASA + AMILASA + PANCREATINA + PROTEASA + AMILASA,8 5 U + 4 U + 500 U + 8 5 U + 135 U + 7 6 U,GRAGEA
BILIS DE BUEY + CARBON ACTIVADO,750 MG + 133 MG,CÁPSULA DURA
BILIS DE BUEY +  CASCARA SAGRADA  + RUIBARBO,25 G + 15 ML + 10 ML / 100 ML,SOLUCIÓN ORAL
BILIS DE BUEY +  CASCARA SAGRADA  + RUIBARBO,0 6 G + 0 2 MG + 0 05 MG / 100 ML,JARABE
BILIS DE BUEY +  CASCARA SAGRADA  + RUIBARBO,30 MG + 200 MG + 180 MG,TABLETA CUBIERTA CON PELICULA
BILIS DE BUEY + SULFATO DE SODIO + EXTRACTO FLUIDO DE CASCARA SAGRADA + TINTURA DE RUIBARBO,0 1 G + 2 5 G + 2 5 ML + 0 3 ML / 100 ML,SOLUCIÓN ORAL
BILIS DE BUEY +  CASCARA SAGRADA,60 MG + 20 MG,TABLETA
BILIS DE BUEY +  BOLDO  + RUIBARBO,0 1 G + 5 G + 2 G / 100 ML,JARABE
BIFONAZOL,1 G / 100 ML,LOCIÓN
BIFONAZOL,1G / 100 G,CREMA
BIFONAZOL,1G / 100 ML,GEL
BISACODILO,5 MG,GRAGEA / TABLETA RECUBIERTA
BISACODILO,10 MG,SUPOSITORIO
BROMHEXINA CLORHIDRATO,0 08 G / 100  ML,SOLUCIÓN ORAL
BROMHEXINA CLORHIDRATO,0 05 G /100 ML,SOLUCIÓN ORAL
BROMHEXINA CLORHIDRATO,4 MG,TABLETA ORODISPERSABLE
BROMHEXINA CLORHIDRATO,4 MG,TABLETA MASTICABLE
BROMHEXINA CLORHIDRATO,4 MG,LÁMINA
BROMHEXINA CLORHIDRATO,4 MG,TABLETA
BROMHEXINA CLORHIDRATO,8 MG,TABLETA
BROMHEXINA CLORHIDRATO,8 MG,CÁPSULA BLANDA
BROMHEXINA CLORHIDRATO,80 MG / 100ML,JARABE
BROMHEXINA CLORHIDRATO,40 MG /100 ML,JARABE
BROMHEXINA CLORHIDRATO,140 G / 100 ML,JARABE
BROMHEXINA CLORHIDRATO,160 MG / 100 ML,JARABE
BROMHEXINA CLORHIDRATO + GUAYACOLATO DE GLICERILO  GUAFENESINA,0 04 G + 1 G/ 100 ML,JARABE
BROMHEXINA CLORHIDRATO + GUAYACOLATO DE GLICERILO  GUAFENESINA,0 04 G + 2 G /100 ML,JARABE
BROMHEXINA CLORHIDRATO + GUAYACOLATO DE GLICERILO  GUAFENESINA,0 08 G + 0 04 G /100ML,JARABE
BROMHEXINA CLORHIDRATO + GUAYACOLATO DE GLICERILO  GUAFENESINA,0 08 G + 1 2 G/100 ML,JARABE
BROMHEXINA CLORHIDRATO + GUAYACOLATO DE GLICERILO  GUAFENESINA,0 08 G + 2 G/ 100 ML,JARABE
N-BUTILBROMURO DE HIOSCINA,10 MG,TABLETA
N-BUTILBROMURO DE HIOSCINA + IBUPROFENO,20 MG + 400 MG,CÁPSULA BLANDA
N-BUTILBROMURA DE HIOSCINA + DEXIBUPROFENO,20 MG + 200 MG,TABLETA
BUTOXIDO DE PIPERONILO + PERMETRINA,4 G + 1 G / 100 ML,SUSPENSIÓN TÓPICA / LOCIÓN TÓPICA
CALCIO LACTOBIONATO + GLUCOBIONATO DE CALCIO,5 9 % + 25 75 %,JARABE
CALCIO + VITAMINA D3 + MAGNESIO,600MG + 200U I + 150MG,TABLETA RECUBIERTA
CALCIO + VITAMINA D3 + MAGNESIO,200 MG + 400 UI + 50 MG,TABLETA RECUBIERTA
CALCIO + VITAMINA D3 + MAGNESIO  + ZINC + MANGANESO + COBRE,600 MG + 400 UI + 50 MG + 7 5 MG + 1 8 MG + 0 5 MG,TABLETA
CALCIO + VITAMINA D3 + MAGNESIO  + ZINC + MANGANESO + COBRE,600 MG + 400 UI + 40 MG + 7 5 MG + 1 8 MG + 1 MG,TABLETA
CALCIO + VITAMINA D3 + MAGNESIO  + ZINC + MANGANESO + COBRE,250MG + 200UI + 44MG + 7 5MG + 1 8MG + 1MG,TABLETA
CASANTRANOL,90MG,TABLETA
CARBOCISTEINA,7 5G / 100ML,JARABE
CARBOCISTEINA,2G / 100ML,JARABE
CARBOCISTEINA,5G / 100ML,JARABE
CARBOCISTEINA,5 G / 100 ML,SUSPENSION ORAL
CARBOCISTEINA,2 7G,POLVO PARA RECONSTITUIR
CARBONATO DE CALCIO  ANTIÁCIDO,400 MG,TABLETA
CARBONATO DE CALCIO  ANTIÁCIDO,200 MG,TABLETA MASTICABLE
CARBONATO DE CALCIO  ANTIÁCIDO,400 MG,TABLETA MASTICABLE
CARBONATO DE CALCIO  ANTIÁCIDO,500 MG,TABLETA MASTICABLE
CARBONATO DE CALCIO  ANTIÁCIDO,550 MG,TABLETA MASTICABLE
CARBONATO DE CALCIO  ANTIÁCIDO,750 MG,TABLETA MASTICABLE
CARBONATO DE CALCIO  ANTIÁCIDO,850 MG,TABLETA MASTICABLE
CARBONATO DE CALCIO  ANTIÁCIDO,1000 MG,TABLETA MASTICABLE
CARBONATO DE CALCIO  ANTIÁCIDO,800 MG,TABLETA EFERVESCENTE
CARBONATO DE CALCIO  ANTIÁCIDO,1 5 G / 100 ML,SUSPENSIÓN ORAL
CARBONATO DE CALCIO + CARBÓN ACTIVADO,250 MG + 200 MG,TABLETA
CARBONATO DE CALCIO + LACTOGLUCONATO DE CALCIO,0 15 G + 3 405 G,NO REPORTA
CARBONATO DE CALCIO + GLUCONOLACTANO  DE CALCIO,0 3 G + 2 940 G,TABLETA
CARBONATO DE CALCIO + VITAMINA D3,750 MG + 100 U I,CÁPSULA BLANDA / TABLETA
CARBONATO DE CALCIO + VITAMINA D4,600 MG + 200 U I,CÁPSULA BLANDA / TABLETA
CARBONATO DE CALCIO + VITAMINA D5,600 MG + 400 U I,TABLETA MASTICABLE / TABLETA EFERVESCENTE
CARBONATO DE CALCIO + VITAMINA D3 + ÓXIDO DE ZINC,300MG + 1000UI+7 5MG / 5 ML,SUSPENSIÓN ORAL
CARBONATO DE SODIO + CLORURO DE SODIO + GLICERINA,0 06 G + 0 009 G + 0 3 G / ML,SOLUCIÓN OTICA
CARBONATO DE CALCIO EQUIVALENTES A CALCIO ELEMENTAL + VITAMINA D3 + ISOFLAVONAS DE SOYA EQUIVALENTES A ISOFLAVONAS DE SOYA EQUIVALENTES A ISOFLAVONAS ACTIVAS,1 668 1 MG EQUIVALENTES A 600MG + 6 2 MG  EQUIVALENTES A 400 UI + 210 MG EQUIVALENTES A 80 MG / SOBRE,POLVO EFERVESCENTE PARA ADMINISTRACIÓN ORAL
CARBONATO DE CALCIO + CARBONATO DE MAGNESIO + ÓXIDO DE ZINC + SULFATO DE MAGNESIO + TRICLORURO DE CROMO + MOLIBDATO DE POTASIO + SELENIO DE SODIO,321  530 MG + 281 790 MG + 9 370 MG + 3 850 MG + 0 27 MG + 0 10 MG + 0 04 MG + 0 05 MG,TABLETA
CARBONATO DE CALCIO + VITAMINA D3 + ÓXIDO DE MAGNESIO + ÓXIDO DE ZINC + SULFATO DE MANGANESO + ÓXIDO CÚPRICO,600 MG + 400 UI + 40 MG + 7 5MG + 1 8 MG + 1 MG,TABLETA
CARBONATO DE CALCIO + VITAMINA D3 CRISTALINA + ÓXIDO DE ZINC + GLUCONATO DE MAGNESIO + FOSFATO DE POTASIO DIBÁSICO,300 MG + 400 UI + 7 5 MG + 50 MG  + 70 MG / CADA 5ML,SUSPENSIÓN ORAL
CARBONATO DE CALCIO EQUIVALENTE A CALCIO ELEMENTAL + TETRABORATO DE SODIO EQUIVALENTES A BORO + SULFATO CÚPRICO PENTAHIDRATADO EQUIVALENTE A COBRE +  CARBONATO DE MAGNESIO EQUIVALENTES A  MAGNESIO + SULFATO DE MANGANESO EQUIVALENTES A MANGANESO  CITRATO DE ZINC TRIHIDRATO EQUIVALENTES A ZINC +VITAMINA D3,1 684 85 MG EQUIVALENTE A 600MG + 2 75 MG EQUIVALENTES A 250 MCG + 4 322 MG EQUIVALENTE A 1 MG + 141 54 EQUIVALENTES A 40 MG+ 6 09 MG EQUIVALENTES A 1 8 MG + 7 5 MG DE ZINC+ 6 MG EQUIVALENTES 400 U I/ SOBRE,POLVO EFERVESCENTE PARA ADMINISTRACIÓN ORAL
CARBOXICISTEINA,7 5 G / 100 ML,JARABE
CARBOXICISTEINA,2 G / 100 ML,JARABE
CARBOXICISTEINA,5 G / 100 ML,JARABE
CARBOXICISTEINA,2 7 G,POLVO PARA RECONSTITUIR A SOLUCIÓN ORAL
CARBOXICISTEINA,5 G /  100 ML,SUSPENSIÓN ORAL
CARBOXICISTEINA  CARBOXIMETILCISTINA  + GUAYACOLATO DE GLICERILO,3 G + 2 G / 100 ML,JARABE
CARBOXICISTEINA  CARBOXIMETILCISTINA  + GUAYACOLATO DE GLICERILO,2 G + 2 G / 100 ML,JARABE
CARBOXICISTEINA  CARBOXIMETILCISTINA  + GUAYACOLATO DE GLICERILO,3 % + 2 %,JARABE
CARBOXIMETILCISTINA,0 02,JARABE
CARBOXIMETILCISTINA,0 03,JARABE
CARBOXIMETILCISTINA,0 05,JARABE
CARBOXIMETILCELULOSA SÓDICA,5MG / ML,SOLUCIÓN OFTÁLMICA
CARBOXIMETILCELULOSA SÓDICA,10MG / ML,SOLUCIÓN OFTÁLMICA
CARBOXIMETILCELULOSA SÓDICA  VISCOSIDAD BAJA 7LFPH  + GLICERINA + HIALURONATO DE SODIO  PROTEGIDO MW 2 0 - 2 6 MDA,5MG + 9MG+ 1MG /ML,SOLUCIÓN OFTÁLMICA
N-ACETILCISTEÍNA,200 MG / 3 G,GRÁNULOS PARA ADMINISTRACIÓN ORAL
N-ACETILCISTEÍNA,200 MG / 5 G,GRÁNULOS PARA ADMINISTRACIÓN ORAL
N-ACETILCISTEÍNA,100 MG / 5 G,GRÁNULOS PARA ADMINISTRACIÓN ORAL
N-ACETILCISTEÍNA,4 G / 100 G,GRÁNULOS PARA ADMINISTRACIÓN ORAL
N-ACETILCISTEÍNA,600 MG *,GRÁNULOS  POLVO EFERVESCENTE
N-ACETILCISTEÍNA,2 G / 100 ML,JARABE
N-ACETILCISTEÍNA,4 G / 100 ML,JARABE
N-ACETILCISTEÍNA,100 MG,TABLETA EFERVESCENTE
N-ACETILCISTEÍNA,200 MG,TABLETA EFERVESCENTE
N-ACETILCISTEÍNA,100MG / ML,SOLUCIÓN NASAL
N- ACETILCISTEÍNA + DEXTROMETORFANO BROMHIDRATO,2 G + 0 3 G / 100 ML,NO REPORTA
N-ACETILCISTEÍNA  + GUAFENESINA  GUAYACOLATO DE GLICERILO,2 G+ 2 G / 100ML,JARABE
N-ACETILCISTEÍNA  + GUAFENESINA  GUAYACOLATO DE GLICERILO,2G + 3 G / 100ML,JARABE
CETILPIRIDINO,0 5 G / 100 ML,SOLUCIÓN BUCAL
CETRIMONIO BROMURO  HEXADECILTRIMETILAMONIO BROMURO  + LIDOCAÍNA,2MG  + 1MG,TABLETA BUCAL
CETIRIZINA CLORHIDRATO  DICLORHIDRATO,10 MG,CÁPSULA BLANDA
CETIRIZINA CLORHIDRATO  DICLORHIDRATO,10 MG,CÁPSULA BLANDA DE GELATINA MASTICABLE
CETIRIZINA CLORHIDRATO  DICLORHIDRATO,100 MG / 100 ML,JARABE
CETIRIZINA CLORHIDRATO  DICLORHIDRATO,1 MG / ML,SOLUCIÓN ORAL
CETIRIZINA CLORHIDRATO  DICLORHIDRATO,10 MG / ML,SOLUCIÓN ORAL
CETIRIZINA CLORHIDRATO  DICLORHIDRATO,10 MG,TABLETA
CETIRIZINA CLORHIDRATO  DICLORHIDRATO,10 MG,TABLETA MASTICABLE
CETIRIZINA  + FENILEFRINA CLORHIDRATO + ACETAMINOFÉN,5 MG + 10 MG + 500 MG,TABLETA
CETIRIZINA  + FENILEFRINA CLORHIDRATO + ACETAMINOFÉN,33 3MG + 133 3MG + 3 33G /100ML,JARABE
CETIRIZINA DICLORHIDRATO + FENILEFRINA CLORHIDRATO + ACETAMINOFÉN,10 0MG + 5 0MG + 500 MG,CÁPSULA DURA
CETIRIZINA + FENILEFRINA CLORHIDRATO + IBUPROFENO,3 33 MG + 10 MG + 200 MG,CÁPSULA
CETIRIZINA + FENILEFRINA CLORHIDRATO + IBUPROFENO,5MG + 10MG + 200MG,CÁPSULA
CETIRIZINA + FENILEFRINA CLORHIDRATO + IBUPROFENO,5MG + 20MG + 200MG,CÁPSULA
CETIRIZINA + FENILEFRINA CLORHIDRATO + IBUPROFENO,5MG + 60MG + 400MG,CÁPSULA
CETRIMONIO BROMURO  HEXADECILTRIMETILAMONIO BROMURO  + LIDOCAÍNA,2MG  + 1MG,TABLETA
CETRIMIDA  BROMURO DE CETIL TRIMETILAMONIO   + ALCOHOL ISOPROPILICO,0 5 G +70 G /100ML,LOCIÓN TÓPICA
CIPERMETRINA,0 2G / 100ML,EMULSION  CHAMPÚ
CITRATO DE CALCIO TETRAHIDRATADO EQUIVALENTE  A CALCIO ELEMENTAL + ISOFLAVONA DE SOYA + VITAMINA D3,315G + 25MG +  300UI,TABLETA RECUBIERTA
CITRATO DE CALCIO TETRAHIDRATADO POLVO  + VITAMINA D3 + ÁCIDO FÓLICO + FUMARATO FERROSO,950MG + 400 IU + 0 4 MG + 18MG,TABLETA RECUBIERTA
CLOBUTINOL CLORHIDRATO,0 250 G / 100 ML,JARABE
CLORHEXIDINA  GLUCONATO / DIGLUCONATO,0 04 G / 100 ML,SOLUCIÓN BUCAL
CLORHEXIDINA  GLUCONATO / DIGLUCONATO,0 12 G / 100 ML,SOLUCIÓN BUCAL
CLORHEXIDINA  GLUCONATO / DIGLUCONATO,0 2 G /100 ML,SOLUCIÓN BUCAL
CLORHEXIDINA  GLUCONATO / DIGLUCONATO,0 35 G / 100 ML,SOLUCIÓN TÓPICA
CLORHEXIDINA  GLUCONATO / DIGLUCONATO,0 51 G / 100 ML,SOLUCIÓN TÓPICA
CLORHEXIDINA  GLUCONATO / DIGLUCONATO,2 3  G / 100 ML,SOLUCIÓN TÓPICA
CLORHEXIDINA  GLUCONATO / DIGLUCONATO,2 5 G / 100 ML,SOLUCIÓN TÓPICA
CLORHEXIDINA  GLUCONATO / DIGLUCONATO,4 G / 100 ML,SOLUCIÓN TÓPICA
CLORHEXIDINA  GLUCONATO / DIGLUCONATO,10 65 G / 100 ML,SOLUCIÓN TÓPICA
CLORHEXIDINA  GLUCONATO / DIGLUCONATO,15 G / 100 ML,SOLUCIÓN TÓPICA
CLORHEXIDINA  GLUCONATO / DIGLUCONATO,4 MG,TABLETA MASTICABLE
CLORHEXIDINA  GLUCONATO / DIGLUCONATO,0 2 G / 100 G,GEL
CLORHEXIDINA GLUCONATO + ALCOHOL,0 07 / 100 ML,SOLUCIÓN TÓPICA
CLORHEXIDINA GLUCONATO + ALCOHOL,0 08 G / 100 ML,SOLUCIÓN TÓPICA
CLORHEXIDINA GLUCONATO + ALCOHOL,2 G / 100 ML,SOLUCIÓN TÓPICA
CLORHEXIDINA GLUCONATO + ALCOHOL ISOPROPÍLICO,4 G + 70 G / 100 ML,SOLUCIÓN TÓPICA
CLORURO DE SODIO,50 G  / 100 G,POLVO PARA RECONSTIUIR PARA ADMINISTRACIÓN ORAL
CLORURO DE SODIO,9 MG / ML,GOTAS   SOLUCIÓN NASAL
CLORURO DE SODIO + CITRATO DE POTASIO + GLUCONATO DE ZINC + GLUCOSA MONOHIDRATO,176 8 MG + 108 2 MG + 2 1 MG + 1 780 G  EQUIVALENTE A 1 618 GLUCOSA ANHIDRA,SOLUCIÓN ORAL
CLORURO DE SODIO + CITRATO DE SODIO DIHIDRATO + CLORURO DE POTASIO MONOHIDRATO + GLUCONATO DE ZINC + DEXTROSA ANHIDRA,263 MG + 294MG + 150MG+13 937MG+ 1350MG,SOLUCIÓN ORAL
CLORURO DE SODIO + CITRATO DE SODIO DIHIDRATO + CLORURO DE POTASIO MONOHIDRATO +  DEXTROSA MONOHIDRATO,3 5 G + 2 9 G + 1 5 G   20 G /1000 ML,POLVO PARA RECONSTITUIR A SOLUCION ORAL
CLORURO DE SODIO + CITRATO DE POTASIO  MONOHIDRATADO  + GLUCONATO DE ZINC + GLUCOSA MONOHIDRATADA  DEXTROSA MONOHIDRATADA  + CITRATO DE SODIO  DIHIDRATADO,207 6 MG + 216 0 MG + 6 1 MG + 2 5G + 94 0 MG / 100ML,SOLUCIÓN DE REHIDRATACIÓN ORAL
CLORURO DE SODIO + CLORURO DE POTASIO + GLUCONATO DE ZINC + GLUCOSA MONOHIDRATADA  DEXTROSA MONOHIDRATADA  + CITRATO DE SODIO  DIHIDRATADO,175 7 MG + 150 6 MG + 6 MG + 1 188 G + 289 2 MG,SOLUCIÓN DE REHIDRATACIÓN ORAL
CLORURO DE SODIO  ORIGEN MARINO,6 5 MG / ML,SOLUCIÓN NASAL
CLORURO DE AMONIO,2G / 100 ML,JARABE
CLORURO DE AMONIO + GUAYACOL,3 G + 2 G / 100 ML,JARABE
CLORURO DE POTASIO + CLORURO DE MAGNESIO + CLORURO DE CALCIO,122 66 MG + 15 66 MG + 16 2 MG / 100ML,SOLUCIÓN TÓPICA
"CLORURO DE POTASIO + CLORURO DE SODIO +
LACTATO DE SODIO SOLUCIÓN AL 50% P/P +  CLORURO DE CALCIO DIHIDRATADO + CLORURO DE MAGNESIO HEXAHIDRATADO + GLUCONATO DE ZINC + DEXTROSA ANHIDRA",149 300MG + 11 700MG + 629 200MG + 29 400MG + 40 800MG + 13 937MG + 4550 000MG / ML,SOLUCIÓN ORAL
CLOTRIMAZOL,1 G / 100 G,POLVO TÓPICO
CLOTRIMAZOL,1 G / 100ML,LOCIÓN
CLOTRIMAZOL,1 G / 100ML,SOLUCIÓN TÓPICA
CLOTRIMAZOL,1 G / 100ML,SUSPENSIÓN PARA AEROSOL
CLOTRIMAZOL,1 G / 100 G,CREMA
CLOTRIMAZOL,2G / 100 G,CREMA
CLOTRIMAZOL,1 G/ 100 G,CREMA VAGINAL
CLOTRIMAZOL,2 G / 100G,CREMA VAGINAL
CLOTRIMAZOL,100MG,OVULO VAGINAL/TABLETA VAGINAL
CLOTRIMAZOL,200MG,OVULO VAGINAL/TABLETA VAGINAL
CLOTRIMAZOL,500MG,OVULO VAGINAL/TABLETA VAGINAL
CONCHA DE OSTRA GRANULADA + VITAMINA D,1 471 MG EQUIVALENTE A CALCIO ELEMENTAL 500 MG + 125 UI,TABLETA
CONDROITINA SULFATO DE SODIO + HIPROMELOSA,1MG + 2MG,SOLUCIÓN OFTÁLMICA
CROTAMITON,0 1,LOCIÓN
DANTRON/1 8 DIHIDROXIANTRACENA9 10 DIONE+CASCARA SAGRADA,50MG + 100MG,TABLETA
DESLORATADINA,50MG /100ML,JARABE
DESLORATADINA,2 5MG,TABLETA ORODISPERSABLE
DESLORATADINA,5MG,TABLETA ORODISPERSABLE
DESLORATADINA,5MG,TABLETA
DESLORATADINA+FENILEFRINA CLORHIDRATO,2 5MG + 20MG,TABLETA
DELTAMETRINA + PIPERONIL BUTÓXIDO,0 2 G + 0 1 G / 100 ML,LOCIÓN TÓPICA
DELTAMETRINA + PIPERONIL BUTÓXIDO,0 02 G + 0 1 G / 100 ML,LOCIÓN
DEXIBUPROFENO + CAFEÍNA,100 MG + 30 MG,TABLETA
DEXIBUPROFENO + ACETAMINOFÉN +CAFEINA,200MG+ 250MG + 65 MG,TABLETA
DEXIBUPROFENO + FENILEFRINA CLORHIDRATO + LEVOCETIRIZINA DICLORHIDRATO,200MG + 10 MG + 2 5 MG,CÁPSULA DE GELATINA DURA
DEXTROMETORFANO BROMHIDRATO,15MG/5ML,JARABE
DEXTROMETORFANO BROMHIDRATO,200MG,TABLETA
DEXTROMETORFANO BROMHIDRATO,300MG,TABLETA
DEXTROMETORFANO BROMHIDRATO,1G / 100 ML,SUSPENSIÓN
DEXTROMETORFANO BROMHIDRATO,2 G / 100 ML,SUSPENSIÓN
DEXTROMETORFANO BROMHIDRATO,0 3 MG / 100 ML,JARABE
DEXTROMETORFANO BROMHIDRATO,0 2 MG/100 ML,JARABE
DEXTROMETORFANO BROMHIDRATO,2MG / ML,JARABE
DEXTROMETORFANO BROMHIDRATO,11 MG,LAMINAS DISPERSABLES
DEXTROMETORFANO BROMHIDRATO,5 5 MG,LAMINAS DISPERSABLES
DEXTROMETORFANO BROMHIDRATO + N-ACETILCISTEINA,0 300 G + 2 G /100ML,JARABE
DEXTROMETORFANO BROMHIDRATO  + GUAFENESINA GUAYACOLATO DE GLICERILO  + CLORHIDRATO DE FENILEFRINA,10MG + 200MG +5MG *,CÁPSULA DE GELATINA BLANDA
DEXTROMETORFANO BROMHIDRATO + GUAFENESINA  GUAYACOLATO DE GLICERILO,0 08 G + 2 G / 100 ML,SOLUCIÓN ORAL JARABE
DEXTROMETORFANO BROMHIDRATO +GUAFENESINA  GUAYACOLATO DE GLICERILO,0 1 G + 0 9 G/ 100 ML,SOLUCIÓN ORAL JARABE
DEXTROMETORFANO BROMHIDRATO + GUAFEBESINA  GUAYACOLATO DE GLICERILO,0 2 G + 1 G / 100 ML,SOLUCIÓN ORAL JARABE
DEXTROMETORFANO BROMHIDRATO + GUAFENESINA  GUAYACOLATO DE GLICERILO,0 2 G + 2 G /100 ML,SOLUCIÓN ORAL JARABE
DEXTROMETORFANO BROMHIDRATO + GUAFENESINA  GUAYACOLATO DE GLICERILO,0 3 G + 2 G / 100 ML,SOLUCIÓN ORAL JARABE
DEXTROMETORFANO BROMHIDRATO + GUAFENESINA  GUAYACOLATO DE GLICERILO,0 15 G + 1 G/ 100ML,SOLUCIÓN ORAL JARABE
DEXTROMETORFANO BROMHIDRATO + GUAFENESINA  GUAYACOLATO DE GLICERILO,0 2 G + 3 G/ 100 ML,SOLUCIÓN ORAL JARABE
DEXTROMETORFANO BROMHIDRATO + GUAFENESINA  GUAYACOLATO DE GLICERILO,0 3 G + 2 G / 100 ML,SOLUCIÓN ORAL JARABE
DEXTROMETORFANO BROMHIDRATO + GUAFENESINA  GUAYACOLATO DE GLICERILO,0 5 G + 2 G/100ML,SOLUCIÓN ORAL JARABE
DEXTROMETORFANO BROMHIDRATO +GUAFENESINA   GUAYACOLATO DE GLICERILO,10 MG + 200 MG,CAPSULA BLANDA
DICLOFENACO SÓDICO,140 MG,PARCHE
DICLOFENACO SÓDICO,1G /100 ML,GEL
DICLOFENACO SÓDICO,5G / 100ML,GEL
DICLOFENACO SÓDICO,25 MG,TABLETA/CAPSULA
DICLOFENACO SÓDICO,50 MG,TABLETA/CAPSULA
DICLOFENACO DIETILAMINA,1G / 100 ML,GEL TÓPICO
DICLOFENACO DIETILAMINA,1 16 G / 100 ML,GEL TÓPICO
DICLOFENACO DIETILAMINA,1G / 100 G,CREMA
DICLOFENACO DIETILAMINA,1G / 100 G,UNGÜENTO
DICLOFENACO DIETILAMINA,0 01,AEROSOL
DICLOFENACO DIETILAMINA,0 02,GEL OFTÁLMICO
DICLOFENACO SÓDICO + SALICILATO DE METILO,1G / 100 G,CREMA
DICLOFENACO SÓDICO + SALICILATO DE METILO,6 G / 100 G,CREMA
DICLOFENACO DIETILAMONIO EQUIVALENTE A DICLOFENACO SÓDICO,1G / 100 ML,GEL
DICOFLENACO + FENILEFRINA + LORATADINA,50 MG + 30 MG + 5 MG,TABLETA DE LIBERACIÓN CONTROLADA
DIMENHIDRINATO,50MG,TABLETA
DIMENHIDRINATO,50 MG,TABLETA DISPERSABLE
DIMENHIDRINATO,0 25G / 100 ML,SOLUCION ORAL
DIMETICONA,4 G / 100 ML,LOCIÓN
DIMETILPOLISILOXANO,66 6 MG / MILILITRO,SUSPENSIÓN ORAL
DIOSMECTITA,3G/3 76G DE POLVO,POLVO PARA RECONSTITUIR A SUSPENSIÓN ORAL
DOCUSATO DE SODIO,50 MG,TABLETA
DOCUSATO DE SODIO,100 MG,CÁPSULA
ECONAZOL  NITRATO,1G /100 G,CREMA
ECONAZOL  NITRATO,1G / 100 ML,GEL
ECONAZOL  NITRATO,1G / 100 ML,LOCIÓN TÓPICA
ESOMEPRAZOL,10MG,CAPSULA
ETOFENAMATO,10 G / 100 G,CREMA TOPICA
ETOFENAMATO,10 G / 100 G,GEL TÓPICO
ETOFENAMATO,5 G / 100 G,GEL TÓPICO
EUCALIPTOL + ALCANFOR + MENTOL + SALICILATO DE METILO,3 6 G + 5 G + 3 G + 5 G / 100 G,UNGÜENTO
EUCALIPTOL + ALCANFOR + MENTOL + SALICILATO DE METILO,1 2 G+ 5 G + 2 5 G  + 3 5 G /100 G,GEL
EUCALIPTOL + ALCANFOR + MENTOL,1 31 G + 5 24 G + 2 8 G / 100 G,UNGÜENTO
EUCALIPTOL + FLORURO DE SODIO + MENTOL + SALICILATO DE METILO + TIMOL,0 0922 G + 0 0221 G + 0 0425 G + 0 060 G + 0 0639 G / 100 ML,SOLUCIÓN BUCAL
FAMOTIDINA,10 MG,TABLETA
FAMOTIDINA,10 MG,TABLETA DISPERSABLE
FAMOTIDINA,10 MG,SUSPENSIÓN ORAL
FAMOTIDINA,10 MG,TABLETA MASTICABLE
2-FENOXIETANOL + PRAMOXINA CLORHIDRATO,0 5 G + 1 G / 100 G,GEL TÓPICO
FEXOFENADINA CLORHIDRATO,120 MG,TABLETA
FEXOFENADINA CLORHIDRATO,30 MG,TABLETA
FEXOFENADINA CLORHIDRATO,60 MG,CÁPSULA DURA
FEXOFENADINA CLORHIDRATO,30 MG / 5ML,SUSPENSIÓN ORAL
FENOL,32 5MG,TABLETA
FENOL,1 4 G / 100 ML,SOLUCIÓN BUCAL
FENOL+ALCANFOR + MENTOL,0 5  G + 1 G + 0 6 G / 100 G,BARRA
FENOXIMETILPENICLINA POTASICA,554 MG EQUIVALENTE A FENOXIMETILPENICILINA 500 MG,TABLETA CUBIERTA
FLUORURO SÓDICO,0 03 G / 100 ML,ENJUAGUE BUCAL
FLUORURO SÓDICO,0 05 G / 100 ML,ENJUAGUE BUCAL
FLUORURO SÓDICO,0 06 G / 100 ML,ENJUAGUE BUCAL
FLUORURO SÓDICO,0 25 G / 100 ML,ENJUAGUE BUCAL
FLUORURO SÓDICO,0 24 G / 100 G,CREMA DENTAL
FLUORURO SÓDICO,0 25 G / 100 G,CREMA DENTAL
FLUORURO SÓDICO,0 32 G / 100 G,CREMA DENTAL
FLUORURO SÓDICO,0 34 G / 100 G,CREMA DENTAL
FLUORURO SÓDICO,0 05,SOLUCIÓN
FLUORURO SÓDICO,0 00098,SOLUCIÓN
FLUORURO SÓDICO,1 10 G / 100 ML,GEL
FLUORURO SÓDICO,2 55 G / 100 ML,GEL
FOSFATO DE SODIO DIBÁSICO + FOSFATO DE SODIO MONOBÁSICO,6 G + 16 G / 100 ML,SOLUCIÓN ORAL
FRUCTOOLIGOSACÁRIDOS DE CADENA CORTA  NUTRAFLORA P-95,CADA SOBRE DE 5 8 G DE POLVO FINO SOLUBLE CONTIENE FRUCTOOLIGOSACÁRIDOS DE CADENA CORTA  NUTRAFLORA P-95  5 GRAMOS,POLVO
FLURBIPROFENO,8 75MG,TABLETA PARA DISOLUCIÓN BUCAL
FLURBIPROFENO,8 75MG/ DOSIS,SOLUCIÓN
GLICERINA,1 237G/ SUPOSITORIO PEDIATRICO,SUPOSITORIO
GLICERINA,1 36 G /SUPOSITORIO PEDIATRICO,SUPOSITORIO
GLICERINA,2 39G / SUPOSITORIO,SUPOSITORIO
GLICERINA + CARBOXIMETIL CELULOSA SÓDICA  VISCOSIDAD ALTA  + CARBOXIMETIL CELULOSA SÓDICA  VISCOSIDAD MEDIA,9 MG + 1 75 MG + 3  25 MG,SOLUCIÓN OFTÁLMICA
GLICERINA+CARBOXIMETILCELULOSA SODICA VISCOSIDAD BAJA 7LFPH,10MG/ML+5MG/ML,SOLUCIÓN OFTÁLMICA
GLICERINA + CARBOXIMETILCELULOSA SÓDICA,0 9% + 0 5%,SOLUCIÓN OFTÁLMICA
GLICERINA + CARBOXIMETIL CELULOSA + POLISORBATO 80,1 % + 05 % + 0 5 %,EMULSIÓN OFTÁLMICA
GLICERINA + HIDROXIPROPILMETIL-CELULOSA + ÁCIDO BÓRICO + BORATO DE SODIO,10MG + 2MG+ 10MG +0 57 MG / ML,SOLUCIÓN OFTÁLMICA
GLICERINA + POLISORBATO 80,10  MG + 10 MG / ML,SUSPENSIÓN OFTÁLMICA
GLICERIL GUAYACOLATO  GUAIFENESINA,2 G / 100 ML,JARABE
GLICERIL GUAYACOLATO  GUAIFENESINA,1 33 G /100ML,JARABE
GLICERIL GUAYACOLATO  GUAIFENESINA,1G / 100ML,JARABE
GLICERIL GUAYACOLATO  GUAIFENESINA,1200 MG,TABLETA DE LIBERACIÓN PROLONGADA
GLICERIL GUAYACOLATO  GUAIFENESINA,600MG,TABLETA DE LIBERACIÓN PROLONGADA
GLICERIL GUAYACOLATO  GUAIFENESINA,200MG,CÁPSULA
GLICERIL GUAYACOLATO+ACETILCISTEINA,2 0 G  + 0 67 G/100 ML,JARABE
GLUCOFURANÓSIDO,5 G / 100 G,CREMA TÓPICA
GLUCOMANNAN,500 MG,CÁPSULA
GLUCOMANNAN,500 MG,TABLETA
GLUCOSA + CLORURO DE POTASIO + CLORURO DE SODIO + CITRATO DE SODIO DIHIDRATADO,1 080 G + 150 MG + 175 MG + 290 MG / 100 ML,SOLUCIÓN ORAL
GLUCONATO FERROSO EQUIVALENTE A HIERRO ELEMENTAL + NICOTINAMIDA + PIRIDOXINA CLORHIDRATO  VITAMINA B6  + TIAMINA CLORHIDRATO  VITAMINA B1  + RIBOFLAVINA  VITAMINA B2,200 MG + 111 MG + 58 MG + 21 4 MG + 11 2 MG / 100ML,SOLUCIÓN ORAL
CLORHEXIDINA   GLUCONATO,4 G/ 100 ML,SOLUCION TOPICA  JABON LIQUIDO ANTISEPTICO
CLORHEXIDINA GLUCONATO,3G / 100 ML,SOLUCIÓN JABÓN
CLORHEXIDINA GLUCONATO,4 MG,TABLETA MASTICABLE
GOMA GUAR,100 G,POLVO ORAL
HEPARINOIDE + AESCINA + SALICILATO DE DIETILAMINA,0 3 G + 1 G / 100 G,GEL TÓPICO
HEPARINOIDE + HIALURONIDASA,5 000 U H D B  + 15 000 U I,POMADA
HIALURONATO DE SODIO,2 MG / ML,SOLUCIÓN OFTÁLMICA
HIALURONATO DE SODIO,4 MG / ML,SOLUCIÓN OFTÁLMICA
HIALURONATO DE SODIO+CONDROITIN SULFATO DE SODIO  ORIGEN BOVINO,1MG +1 8MG,SOLUCIÓN OFTÁLMICA
HIALURONATO DE SODIO +POLIETILENGLICOL 400 +PROPILENGLICOL,1 5 MG + 4 MG + 3MG / ML,SOLUCIÓN OFTÁLMICA
HIDROXIDO DE ALUMINIO,6 15 G / 100 ML,SUSPENSIÓN ORAL
HIDROXIDO DE ALUMINIO,234 MG,TABLETA
HIDRÓXIDO DE ALUMINIO + HIDRÓXIDO DE MAGNESIO + SIMETICONA,32 50 G + 5 67 G + 1 66 G / 100 ML,NO REPORTA
HIDRÓXIDO DE ALUMINIO + HIDRÓXIDO DE MAGNESIO + SIMETICONA,282 MG + 85 MG + 25 MG,TABLETA
HIDRÓXIDO DE ALUMINIO + HIDRÓXIDO DE MAGNESIO + SIMETICONA,200 MG + 200 MG + 20  MG,CÁPSULA BLANDA
HIDRÓXIDO DE ALUMINIO + HIDRÓXIDO DE MAGNESIO + SIMETICONA,4G + 4G + 0 4G / 100ML,SUSPENSIÓN ORAL
HIDRÓXIDO DE ALUMINIO + HIDRÓXIDO DE MAGNESIO + SIMETICONA,8G + 8G + 0 6G / 100ML,SUSPENSIÓN ORAL
HIDRÓXIDO DE ALUMINIO + HIDRÓXIDO DE MAGNESIO + BICARBONATO DE SODIO + SIMETICONA,2G + 2G + 1 75 G  + 0 3G / 100 ML,SUSPENSIÓN ORAL
HIDRÓXIDO DE ALUMINIO + HIDRÓXIDO DE MAGNESIO +  CARBONATO DE CALCIO + SIMETICONA,34 85 G + 22 27 G + 8 2 G + 0 5 G /100 ML,SUSPENSIÓN
HIDRÓXIDO DE ALUMINIO + HIDRÓXIDO DE MAGNESIO +  CARBONATO DE CALCIO + SIMETICONA,470 MG + 328 MG + 410 MG + 25 MG,TABLETA
HIDRÓXIDO DE MAGNESIO,8 5 G/100 ML,SUSPENSIÓN ORAL
HEXETIDINA,0 001,SOLUCIÓN BUCOFARÍNGEA
HIDROCORTISONA  TÓPICO,0 01,CREMA
HIDROCORTISONA  TÓPICO,DEL 2%  AL  5%,CREMA
HIDROCORTISONA  TÓPICO,0 1,GEL
HIDROCORTISONA  TÓPICO,0 5%  Y  1%,LOCIÓN
HIDROCORTISONA  TÓPICO,0 001,POMADA
HIDROXIPROPILMETILCELULOSA,3 MG / ML,SOLUCIÓN OFTÁLMCA
HIDROXIPROPILMETILCELULOSA  HPMC  + DEXTRAN,3 0 MG + 1 MG / ML,SOLUCIÓN OFTÁLMICA
IBUPROFENO,0 05,GEL TÓPICO
IBUPROFENO,0 05,SOLUCION EN AEROSOL
IBUPROFENO,100 MG,TABLETA
IBUPROFENO,2 G / 100 ML,SUSPENSIÓN ORAL
IBUPROFENO,4 G / 100 ML,SUSPENSIÓN ORAL
IBUPROFENO,100 MG / 5 ML,SUSPENSIÓN ORAL
IBUPROFENO,50MG,GRANULADO
IBUPROFENO,100MG,GRANULADO
IBUPROFENO,150MG,GRANULADO
IBUPROFENO,200MG,GRANULADO
IBUPROFENO,300MG,GRANULADO
IBUPROFENO,200 MG,TABLETA RECUBIERTA
IBUPROFENO,400 MG,TABLETA RECUBIERTA
IBUPROFENO,400 MG,GRAGEA
IBUPROFENO,400MG,CÁPSULA BLANDA
IBUPROFENO,10MG,TABLETA MASTICABLE
IBUPROFENO + N-BUTIL BROMURO DE HIOSCINA,200MG + 10MG,TABLETA CUBIERTA CON PELÍCULA /CAPSULA BLANDA
IBUPROFENO + N-BUTIL BROMURO DE HIOSCINA,400MG + 20MG,TABLETA CUBIERTA CON PELÍCULA /CAPSULA BLANDA
IBUPROFENO + DIFENHIDRAMINA,400 MG + 25MG,TABLETA
IBUPROFENO + DIFENHIDRAMINA,400 MG + 25MG,CÁPSULA BLANDA
IBUPROFENO + CAFEÍNA,200 MG + 30 MG,TABLETA
IBUPROFENO + CAFEÍNA,400 MG + 65 MG,CÁPSULA BLANDA
IBUPROFENO + CAFEÍNA + HIOSCINA,200 MG + 30 MG + 10 MG,CÁPSULA BLANDA
IBUPROFENO+CLORFENIRAMINA MALEATO + FENILEFRINA CLORHIDRATO + DEXTROMETORFANO BROMOHIDRATO,400 MG + 4MG + 10MG + 20MG,CÁPSULA BLANDA
IBUPROFENO+CLORFENIRAMINA MALEATO + FENILEFRINA CLORHIDRATO + DEXTROMETORFANO BROMOHIDRATO,400 MG + 4 MG + 25 MG + 30 MG,CÁPSULA BLANDA
IBUPROFENO+FENILEFRINA CLORHIDRATO + DIFENHIDRAMINA CORHIDRATO+ DEXTROMETORFANO CLORHIDRATO,400 MG +10 MG + 25 MG + 20MG,CÁPSULA BLANDA
IBUPROFENO + FENILEFRINA CLORHIDRATO,200MG + 20  MG,TABLETA RECUBIERTA
ICTAMOL  + ÓXIDO DE ZINC,1 G + 20 G / 100 G,EMULSIÓN TÓPICA
ICTAMOL  + ÓXIDO DE ZINC,1 5  G + 15 G / 100 G,EMULSIÓN TÓPICA
ICTAMOL  + ÓXIDO DE ZINC,1 G + 15 G / 100 G,POMADA
ICTAMOL  + ÓXIDO DE ZINC,1 G + 20 G / 100 G,POMADA
ICTAMOL  + ÓXIDO DE ZINC,1 G + 40 G / 100 G,UNGÜENTO TÓPICO
ISOFLAVONAS DE SOYA,"166 66000MG DE EXTRACTO DE ISOFLAVONAS DE SOYA AL 15%  EQUIVALENTE A 25MG DE
ISOFLAVONAS",TABLETA RECUBIERTA
"ISOFLAVONAS  + CARBONATO DE
CALCIO  + VITAMINA D",40 MG +  200 MG +  150 UI,TABLETA RECUBIERTA
ITRACONAZOL,1 G / 100ML,SOLUCION ORAL
KETOCONAZOL,2 G / 100 G,CREMA
KETOCONAZOL,0 5 G / 100 ML,CHAMPÚ
KETOCONAZOL,1 G / 100ML,CHAMPÚ
KETOCONAZOL,2 G /100 ML,CHAMPÚ
KETOCONAZOL,1G / 100ML,POLVO TÓPICO
KETOCONAZOL,2 G / 100G,POLVO TÓPICO
KETOCONAZOL,1G / 100ML,SOLUCIÓN TÓPICA
KETOCONAZOL,2 G / 100 G,UNGÜENTO TÓPICO
KETOPROFENO,50 MG,TABLETA
KETOPROFENO,50 MG,CÁPSULA DURA
KETOPROFENO,50 MG,CÁPSULA BLANDA
KETOPROFENO,50 MG,GRÁNULOS
KETOPROFENO,25 MG,TABLETA
KETOPROFENO,50 MG,CREMA
KETOPROFENO,2  5 %,GEL TÓPICO
KETOPROFENO,0 025,ESPUMA TÓPICA EN AEROSOL
LACTASA,9000 UNIDADES,TABLETA MASTICABLE
LACTOBACILLUS ACIDOFILOS,17  G / 100 G,POLVO PARA RECONSTITUIR A SUSPENSIÓN ORAL
LACTOBACILLUS ACIDOFILOS,170 MG DE LIOFILIZADO TINDALIZADO EQUIVALENTE A 5000 MILLONES DE BACILOS LÁCTICOS ÁCIDO FILOS LIOFILIZADOS,CÁPSULA DURA
LACTOBACILLUS ACIDOFILOS  BACILOS LACTICOS ACIDOFILOS VIVOS,CADA 100 ML DE SOLUCIÓN CONTIENE 1000 MILLION CFU,SOLUCIÓN ORAL
LACTOBACILLUS ACIDOPHILUS + BIFIDOBACTERIUM INFANTIS,10 CFU/G + 10 CFU/G,CÁPSULA DURA
BIFIDOBACTERIUM LONGUM + LACTOBACILLUS RHAMNOSUS + LACTOBACILLUS ACIDOPHILUS,400 MILLONES + 400 MILLONES + 1 200 MILLONES  CFU,CÁPSULA
LACTOBACILLUS CASEI DG,8 BILLONES DE CÉLULAS VIVAS Ó 24 BILLONES DE CÉLULAS VIVAS EN CADA CAPSULA O SOBRE DE 3G,CÁPSULA DURA Y GRANULADO EN POLVO PARA RECONSTITUIR A SOLUCIÓN ORAL
LACTOBACILLUS CASEI  LACTOBACILLUS RHAMNOSUS  STREPTOCOCCUS THERMOPHILUS  BIFIDOBACTERIUM BREVE  LACTOBACILLUS ACIDOPHILUS  BIFIDOBACTERIUM INFANTIS  LACTOBACILLUS BULGARICUS,1 X 109 UFC/SACHET,POLVO PARA DISOLUCIÓN
LACTOBACILLUS CASEI DG + INULINA,8 BILLONES DE CÉLULAS VIVAS DE LACTOBACILLUS CASEI POR SOBRE DE 5G Y 4 G DE INULINA,GRANULADO EN POLVO PARA RECONSTITUIR A SOLUCIÓN ORAL
LACTOBACILLUS RHAMNOSUS ROSELL + LACTOBACILLUS ACIDOPHILLUS ROSELL,1 9 BILLONES + 0 1 BILLONES,CÁPSULA
"LACTOBACILLUS SALIVARIUS  BIFIDOBACTERIUM INFANTIS  BIFIDOBACTERIUM LONGUM  BIFIDOBACTERIUM LACTIS  LACTOBACILLUS ACIDOPHILUS  LACTOBACILLUS PLANTARUM  LACTOBACILLUS PARACASEI 
STREPTOCOCCUS FAECIUM  LACTOCOCCUS LACTIS","CADA SOBRE DE 1 950G Y 1 450G CONTIENEN  0 56X 10⁹ DE LACTOBACILLUS SALIVARIUS  BIFIDOBACTERIUM INFANTIS 
BIFIDOBACTERIUM LONGUM  BIFIDOBACTERIUM LACTIS  LACTOBACILLUS ACIDOPHILUS  LACTOBACILLUS PLANTARUM  LACTOBACILLUS PARACASEI 
STREPTOCOCCUS FAECIUM  LACTOCOCCUS LACTIS 5 X 10⁹ UFC/ SOBRE",GRANULADO EN POLVO PARA RECONSTITUIR A SOLUCIÓN ORAL
LAURIL ÉTER SULFATO DE SODIO + COMPLEJO YODO + POLIETOXI ETANOL POLIPROPOXI,4 6 G + 1 55 G + 2 0 G / 100 ML,JABÓN LÍQUIDO
LEVOCETIRIZINA,5MG,CAPSULA BLANDA
LEVOCETIRIZINA,0 1 G / 100 ML,JARABE
LEVOCETIRIZINA,0 2 G / 100 ML,JARABE
LEVOCETIRIZINA,0 05 G / 1 00 ML,JARABE
LEVOCETIRIZINA,5 MG / ML,SOLUCION ORAL  GOTAS
LEVOCETIRIZINA,5MG,TABLETA
LEVOCETIRIZINA,5MG,TABLETA ORODISPERSABLE
LEVONORGESTREL,1 5 MG,TABLETA
LEVONORGESTREL,0 75 MG,TABLETA
LIDOCAÍNA,0 55 G / 100 ML,SOLUCIÓN TÓPICA
LIDOCAÍNA + PRILOCAINA,2 5 G + 2 5 G / 100 G,GEL
LIDOCAÍNA + PRILOCAINA,2 5 G + 2 5 G / 100 G,CREMA TÓPICA
LIDOCAINA+TRIPAFLAVINA,5 493 MG + 0 418 MG/ML,SOLUCIÓN BUCAL
LIDOCAINA+TRIPAFLAVINA,0 55G + 0 04G / 100ML,SOLUCIÓN TÓPICA
LIDOCAINA + CLORURO DE CETILPIRIDINIO,1MG + 2MG,TABLETA PARA DISOLVER EN LA BOCA
LOPERAMIDA,2 MG,TABLETA
LOPERAMIDA,2 MG,CÁPSULA
LOPERAMIDA,40 MG / 100 ML,SUSPENSIÓN ORAL
LORATADINA,10MG,TABLETA
LORATADINA,10MG,TABLETA DISPERSABLE
LORATADINA,10MG,TABLETA EFERVESCENTE
LORATADINA,100MG / 100ML,JARABE
LORATADINA,10 MG,CÁPSULA DE GELATINA BLANDA
LORATADINA + FENILEFRINA,5 MG + 30 MG,GRAGEAS
MAGALDRATO + SIMETICONA,8G + 0 6G / 10ML,SUSPENSIÓN ORAL
MAGALDRATO AL 10% + DIMETICONA AL 30%  EQUIVALENTE A DIMETILPOLISILOXANO,8 G+ 1G/100ML,GEL **
MEBEVERINA CLORHIDRATO,135 MG,TABLETA RECUBIERTA
MENTOL,3 5 G / 100 ML,GEL
MENTOL,0 1,SPRAY
MICONAZOL NITRATO,2 G / 100G,CREMA
MICONAZOL NITRATO,2 G / 100 ML,LOCIÓN
MICONAZOL NITRATO,2G / 100G,POLVO
MICONAZOL NITRATO,2G /100 G,UNGÜENTO
MICONAZOL NITRATO,2G / 100G,POLVO PARA USO TÓPICO
MICONAZOL NITRATO,2G / 100 ML,SOLUCIÓN TÓPICA
MINOXIDIL,2 G/ 100 ML,SOLUCIÓN TÓPICA
MINOXIDIL,2 G /100 ML,GEL
MINOXIDIL,5G / 100ML,SOLUCIÓN TÓPICA
MINOXIDIL,5 G / 100 ML,GEL
MINOXIDIL,2 G / 100 G,CREMA TÓPICA
MINOXIDIL,0 05,ESPUMA TÓPICA EN AEROSOL
MINOXIDIL,1 G /100 ML,LOCIÓN
MINOXIDIL,1G / 100ML,EMULSIÓN
MIRISTATO DE ISOPROPILO,50 G / 100 ML,LOCIÓN
NAFAZOLINA CLORHIDRATO,0 125 MG / ML,SOLUCIÓN OFTÁLMICA
NAFAZOLINA CLORHIDRATO,0 5 MG / ML,SOLUCIÓN OFTÁLMICA
NAFAZOLINA CLORHIDRATO,1 MG / ML*,SOLUCIÓN OFTÁLMICA
NAFAZOLINA CLORHIDRATO,1 2 MG / ML,SOLUCIÓN OFTÁLMICA
NAFAZOLINA NITRATO,1 MG / ML,SOLUCIÁN OFTALMICA
NAPROXENO SÓDICO,MENOR O IGUAL A 250MG,TODAS
NAPROXENO SÓDICO,275 MG O MENOR,TABLETA
NAPROXENO SÓDICO,275 MG,CÁPSULA BLANDA
NAPROXENO SÓDICO,250 MG,CÁPSULA DURA
NAPROXENO SÓDICO,0 1,GEL TÓPICO
NAPROXENO SÓDICO + ACETAMINOFÉN,275 MG +  300 MG,TABLETA
NAPROXENO SÓDICO + ACETAMINOFÉN,125 MG + 100 MG / 5 ML,POLVO PARA RECONSTITUIR A SUSPENSIÓN ORAL
NAPROXENO SÓDICO + N-BUTILBROMURO DE HIOSCINA,242 MG + 10 MG,TABLETA
NAPROXENO +  CAFEINA,250 MG + 65 MG,CAPSULA BLANDA
NAPROXENO +  CAFEINA,220 G + 50 MG,TABLETA
NAPROXENO +  CAFEINA,220 MG + 65 MG,CAPSULA BLANDA
NAPROXENO + ACETAMINOFEN + CAFEINA,250MG +  325MG + 65MG,CÁPSULA BLANDA
NICOTINA,2 MG,GOMA DE MASCAR
NICOTINA,4 MG,GOMA DE MASCAR
NICOTINA,0 83 MG / CM2,PARCHE
NICOTINA,36 MG / CM2,PARCHE
NICOTINA,78 MG / 15 CM2,PARCHE
NICOTINA,114 MG / 22 CM2,PARCHE
NICOTINA,2 MG,TABLETA   PARA DISOLVER EN LA BOCA
NICOTINA,4 MG,TABLETA   PARA DISOLVER EN LA BOCA
NICOTINAMIDA  + PIRIDOXINA CLORHIDRATO + RIBOFLAVINA + TIAMINA CLORHIDRATO,50 MG + 20 MG + 10 MG + 10 MG,TABLETA
NICOTINAMIDA  + PIRIDOXINA CLORHIDRATO + RIBOFLAVINA + TIAMINA CLORHIDRATO,20 MG + 20 MG +3 MG + 10 MG,TABLETA
NIMESULIDA,2 G / 100 G,GEL
NISTATINA,10 000 000UI/100G,CREMA TOPICA
NISTATINA + ÓXIDO DE ZINC,100 U + 2 G / 100 G,CREMA TÓPICA
NISTATINA + ÓXIDO DE ZINC,100 U + 2 G / 100 G,UNGÜENTO
NISTATINA + ÓXIDO DE ZINC,2 272 G + 40 G / 100 G,CREMA
NITRATO DE ISOCONAZOL,1G / 100 G,CREMA TÓPICA
NITRATO DE ISOCONAZOL,1G / 100 ML,LOCIÓN TÓPICA
NITRATO DE POTASIO,5 G / 100 ML,SOLUCIÓN BUCAL
NONOXINOL,168 MG,ÓVULO
NOSCAPINA,5G /100 ML,SOLUCIÓN ORAL
N-BUTILBROMURO DE HIOSCINA,10 MG,TABLETA
N-BUTILBROMURO DE HIOSCINA,10 MG,GRAGEA
N-BUTILBROMURO DE HIOSCINA,10 MG/ML,SOLUCIÓN ORAL
0- B-HIDROXIETIL -RUTÓSIDOS,500 MG,TABLETA EFERVESCENTE
0- B-HIDROXIETIL -RUTÓSIDOS,1000 MG,TABLETA EFERVESCENTE
OMEPRAZOL,10 MG,CÁPSULA DURA
OXICONAZOL,1G / 100 G,CREMA
OXICONAZOL,1G / 100 G,POLVO TÓPICO
OXICONAZOL,1G /100 ML,LOCIÓN TÓPICA
ÓXIDO DE ZINC,25 G / 100 G,PASTA
ÓXIDO DE ZINC,25G / 100 G,UNGÜENTO
ÓXIDO DE ZINC,25G / 100 G,CREMA
ÓXIDO DE ZINC,20 G / 100 G,CREMA
ÓXIDO DE ZINC,12 G,POMADA
OXIMETAZOLINA CLORHIDRATO,0 5MG/ML*,SOLUCION NASAL
OXIMETAZOLINA CLORHIDRATO,0 25 MG / ML  0 025% *,SOLUCION OFTALMICA
PANCREATINA + DIMETILPOLISILOXANO,400 MG + 40 MG,GRAGEA
PANCREATINA  + SIMETICONA,170 MG + 80 MG,GRAGEA  / TABLETA/GRANULADO  -ORAL
PANCREATINA  + SIMETICONA,300MG  + 100 MG,GRAGEA  / TABLETA/GRANULADO  -ORAL
PANCREATINA  + SIMETICONA + HEMICELULOSA,175 MG + 25 25 MG + 50 MG,GRAGEA
PANCREATINA + POLVO SECO DE SILICONA,8 6 G + 15 5 G,GRANULADO PARA RECONSTITUIR  ADMINISTRACIÓN ORAL
PARACETAMOL + MALEATO DE CLORFENIRAMINA,500 MG + 2 MG,TABETA RECUBIERTA
PENCICLOVIR,1 G / 100 G,CREMA TOPICA
PERMETRINA,1 G / 100 ML,EMULSIÓN  CHAMPOO
PERMETRINA + PIPERONIL BUTÓXIDO,1 G + 4 G / 100 ML,SOLUCIÓN TÓPICA
PEROXIDO DE HIDRÓGENO + UREA,0 065 G + 0 065 G / ML,SOLUCIÓN OTÍCA
PERÓXIDO DE BENZOILO,5 G / 100 ML,LOCIÓN TÓPICA
PERÓXIDO DE BENZOILO,10 G / 100ML,LOCIÓN TÓPICA
PERÓXIDO DE BENZOILO,15 G / 100 ML,LOCIÓN TÓPICA
PERÓXIDO DE BENZOILO,2 5 G / 100 ML,GEL
PERÓXIDO DE BENZOILO,4 G / 100 ML,GEL
PERÓXIDO DE BENZOILO,5 G / 100 ML,GEL
PERÓXIDO DE BENZOILO,10G / 100 ML,GEL
PERÓXIDO DE BENZOILO,5 G / 100 G,PASTA DE JABÓN
PERÓXIDO DE BENZOILO,2 5 G/ 100 G,CREMA
PERÓXIDO DE BENZOILO,5 G / 100 G,CREMA
PERÓXIDO DE BENZOILO,10 G / 100 G,CREMA
PERÓXIDO DE BENZOILO,20 83 G / 100 G,ESPUMA TÓPICA EN AEROSOL
PEROXIDO DE HIDROGENO,1 5G /100ML,SOLUCIÓN TÓPICA BUCAL
PEROXIDO DE HIDROGENO,3 6 G /100 ML,SOLUCIÓN TÓPICA BUCAL
PEROXIDO DE HIDROGENO,4G/100ML,SOLUCIÓN TOPICA PIEL
PETROLATO BLANCO,100 G,UNGÜENTO TÓPICO
PICOSULFATO DE SODIO,33 34 MG DE PICOSULFATO DE SODIO +  28 22 G DE ACEITE MINERAL/100ML,EMULSIÓN ORAL
PICOSULFATO DE SODIO,2 5 MG,CÁPSULA BLANDA
PICOSULFATO DE SODIO,5 MG,TABLETA
PICOSULFATO DE SODIO,7 5 MG / ML,SOLUCIÓN ORAL  GOTAS
PIDOLATO DE CALCIO,3 704 G EQUIVALENTE A 500  MG / 8 G,GRÁNULOS
PIRANTEL EMBONATO,250 MG,CÁPSULA BLANDA
PIRANTEL EMBONATO,5 G / 100 ML,SUSPENSIÓN ORAL
PIRANTEL EMBONATO,250 MG,TABLETA MASTICABLE
PIRANTEL EMBONATO,250 MG,TABLETA
PIRIDOXINA CLORHIDRATO,50 MG,TABLETA
PIROXICAM,0 5G / 100 G,GEL TÓPICO
PIROXICAM,1G / 100 G,GEL TÓPICO
POLISULFATO DE MUCOPOLISACÁRIDO,25000 UI / 100 G  SUSTANCIA DE COMPARACIÓN  HEPARINA DEL ESTÁNDAR INTERNACIONAL  25000 U I,GEL TÓPICO
POLISULFATO DE MUCOPOLISACÁRIDO,25000 UI / 100 G  DETERMINADAS MEDIANTE EL TIEMPO DE TROMBOPLASTINA PARCIAL ACTIVADA  TTPA  0 30000 G,CREMA TÓPICA
POLISULFATO DE MUCOPOLISACÁRIDO,25000 UI / 100 G  DETERMINADAS MEDIANTE EL TIEMPO DE TROMBOPLASTINA PARCIAL ACTIVADA  TTPA  0 30000 G,CREMA TÓPICA
POLISULFATO DE MUCOPOLISACÁRIDO,300 MG /100G,GEL TÓPICO
POLISULFATO DE MUCOPOLISACÁRIDO,300 MG /100G,CREMA TÓPICA
POLIVINIL ALCOHOL + POVIDONA,14 MG + 6 MG / ML,SOLUCIÓN OFTÁLMICA
POLIVINILPIRROLIDONA,50 MG / ML,SOLUCIÓN OFTÁLMICA
POLOXAMER 407,2 G / 100 ML,SOLUCIÓN OFTÁLMICA
PRAMIVERINA,2 MG,TABLETA
PRAMIVERINA + ACETAMINOFÉN,20 MG + 500 MG,TABLETA
PRAMIVERINA + ACETAMINOFÉN,2MG + 500MG,TABLETA
PRAMIVERINA + ACETAMINOFÉN,0 7MG + 100MG / 100ML,SOLUCIÓN ORAL
PRAMIVERINA + ACETAMINOFÉN,4MG + 100MG / 100ML,SOLUCIÓN ORAL
PRAMOXINA O PRAMOCAINA,1 G / 100 ML,LOCIÓN TÓPICA
PRAMOXINA CLORHIDRATO + ÓXIDO DE ZINC,1 075 MG + 8 MG / 100 ML,CREMA TÓPICA
PRAMOXINA CORHIDRATO + ACETATO DE ZINC,1000 MG +100 MG / 100 ML,LOCIÓN TÓPICA
PRAMOXINA CLORHIDRATO + ÓXIDO DE ZINC,1 075  MG + 120 MG / 100 ML,LOCIÓN
POLIETILENGLICOL 400 + PROPILENGLICOL,4 MG + 3 MG,SOLUCIÓN OFTÁLMICA
PSYLIUM + PECTINA + QUITINA + SALVADO DE TRIGO,200 MG + 40 MG + 180 MG + 170 MG,TABLETA
RANITIDINA,75MG,TABLETA
RANITIDINA,75MG,TABLETA EFERVESCENTE
RUIBARBO POLVO + SULFATO DE MAGNESIO,1 G + 30 G / 100 G,POLVO PARA RECONSTITUIR A SOLUCIÓN ORAL
RUIBARBO POLVO + SULFATO DE MAGNESIO,14 G + 84 G / 100 G,NO REPORTA
RUIBARBO POLVO + SULFATO DE MAGNESIO + HOJAS SEN,1 96 G + 94 G + 2 G / 100 G,POLVO PARA RECONSTITUIR A SOLUCIÓN ORAL
RUIBARBO POLVO + ÁCIDO SALICÍLICO,2 5 G + 1 G / 100 ML,SOLUCIÓN ORAL
SALICILATO DE METILO,7 G / 100 G,CREMA
SALICILATO DE METILO + CAPSAICINA,10G + 0 025G / 100G,GEL
SALICILATO DE METILO + YODO RESUBLIMADO,8 G + 4 G / 100 G,POMADA
SALICILATO DE METILO + YODO METALICO RESUBLIMADO,5 G + 5 333 G/100 G,UNGÜENTO TÓPICO
SALICILATO DE METILO+SOLUCIÓN DE YODO COMO  0100 G DE YODO PURO,0 117+0 028 / 100 G,CREMA TÓPICA
SALICILATO DE METILO + YODO METALICO + YODURO DE POTASIO,6 8G + 4 8 G + 1 G / 100 G,CREMA TÓPICA
SALICILATO DE METILO+ MENTOL,10 G + 3 G / 100 G,POMADA
SALICILATO DE METILO+ MENTOL,30 G + 10 G / 100 G,POMADA
SALICILATO DE METILO+ MENTOL,10 G + 3 G / 100 G,POMADA
SALICILATO DE METILO+ MENTOL,13 75 G + 13 75 G / 100 G,POMADA
SALICILATO DE METILO+ MENTOL,27 G + 9 G / 100 G,CREMA
SALICILATO DE METILO+ MENTOL,15 G + 10 G / 100 G,CREMA
SALICILATO DE METILO+ MENTOL,28 1 G + 10 G / 100G,CREMA
SALICILATO DE METILO+ MENTOL,30 G + 8 G / 100 G,CREMA TÓPICA
SALICILATO DE METILO+ MENTOL,35 G + 10 G / 100 G,CREMA
SALICILATO DE METILO+ MENTOL,29 99 G + 10 G / 100 G,CREMA
SALICILATO DE METILO+ MENTOL,12 G + 1G/ 100 ML,SOLUCIÓN EN AEROSOL TÓPICO
SALICILATO DE METILO+ MENTOL,25 G + 10 G / 100 ML,LOCIÓN
SALICILATO DE METILO+ MENTOL,13 G + 4 G /100 ML,LOCIÓN
SALICILATO DE METILO+ MENTOL,30 G + 8 G / 100 G,GEL
SALICILATO DE METILO+ MENTOL,15 G + 5 G / 100 G,UNGÜENTO TÓPICO
SALICILATO DE METILO+ MENTOL,29 58 G + 7 75 G / 100 G,UNGÜENTO TÓPICO
SALICILATO DE METILO+ MENTOL,30 G + 10 G / 100 G,UNGÜENTO TÓPICO
SALICILATO DE METILO +OLEORRESINA CAPSICUM EQUIVALENTE A CAPSAICINAS,10 G + 0 025 G / 100 ML,GEL
SALICILATO DE METILO + MENTOL + OLEPRESINA DE CAPSAICINA,20 G+2G + 0 1G /100 G,UNGÜENTO
SALICILATO DE METILO+ALCANFOR+OLEORESINA DE CAPSICO,15 ML + 5 ML + 5 ML/ 100 ML,SOLUCIÓN TÓPICA
SALICILATO DE METILO + CLORURO DE ZINC,4 G + 0 421 G /100 ML,SOLUCIÓN ORAL
SALICILATO DE METILO + CLORURO DE ZINC,0 854 G + 0 385 G / 100 ML,SOLUCIÓN BUCOFARÍNGEA
SALICILATO DE METILO + CLORURO  DE  ZINC + CLORURO DE CETILPIRIDINIO,0 854 G + 0 385 G + 0 2 G/100 ML,SOLUCIÓN BUCAL
SENOSIDOS+RUIBARBO BOLDO + CASCARA SAGRADA + ACEITE DE RICINO,"17 MG+75 MG+300 MG+400 MG
+50 MG",TABLETA
SENÓSIDOS SENOSIDOS CALCICOS A+B,17MG,TABLETA
SIMETICONA,80 MG,CÁPSULA
SIMETICONA,200 MG,CÁPSULA BLANDA
SIMETICONA,250 MG,CÁPSULA BLANDA
SIMETICONA,50 MG,GRAGEA
SIMETICONA,60 MG,GRAGEA
SIMETICONA,1 G / 100 ML,SUSPENSIÓN ORAL
SIMETICONA,80 MG,TABLETA
SIMETICONA,250 MG,TABLETA
SIMETICONA,100 MG,TABLETA MASTICABLE
SIMETICONA,166 MG,TABLETA MASTICABLE
SIMETICONA,125 MG,CÁPSULA DE GELATINA BLANDA / GRANULADOS /TABLETA
SIMETICONA + ACEITE ESENCIAL ANÍS,185MG + 100MG,GOTAS – SOLUCIÓN ORAL
SIMETICONA + CARBÓN ACTIVADO,100MG + 250MG,CÁPSULA DURA
SIMETICONA + CARBÓN ACTIVADO,125 MG + 250 MG,CÁPSULA DURA
SIMETICONA + CARBÓN ACTIVADO + ACEITE ESENCIAL DE ANÍS,125MG + 250MG + 20MG,TABLETA RECUBIERTA
SIMETICONA + MAGALDRATE + ALGINATO DE SODIO + BICARBONATO DE SODIO,75 MG + 409 05 + 375 MG + 400 5MG / 15ML,SUSPENSIÓN ORAL
"STREPTOCOCCUS CREMORIS+STREPTOCOCCUS LACTIS+LACTOBACILLUS ACIDOPHILLUS+LACTOBACILLUS BULGARICUS+LACTOBACILLUS PLANTARUM+LACTOBACILLUS CAUCASICUS +LACTOBACILLUS LACTIS+LACTOBACILLUS CASEI+ 
SACHAROMYCES  S P","337 5 MILLONES+
337 5 MILLONES+
1 125 MILLONES+
1 125 MILLONES+
1 125 MILLONES+
1 125 MILLONES+
1 125MILLONES+
1 125 MILLONES+
187 5 MILLONES+",LIOFILIZADO PARA SOLUCIÓN BEBIBLE
SULFURO DE SELENIO,2 5 G / 100 ML,LOCIÓN
SULFADIAZINA DE PLATA,1 G / 100G,POLVO TÓPICO
SULFADIAZINA DE PLATA,1G / 100 G,CREMA
SULFADIAZINA DE PLATA,1G / 100 ML,LOCIÓN
SULFATO DE ZINC MONOHIDRATADO EQUIVALENTE A ZINC,20MG,TABLETA
SULFATO DE ZINC MONOHIDRATADO EQUIVALENTE A ZINC,200 G / 100ML,SOLUCIÓN ORAL
TIAMINA MONONITRATO + RIBOFLAVINA + PIRIDOXINA + NICOTINAMIDA,10MG + 10 MG + 20MG + 50MG,CÁPSULA BLANDA
TERBINAFINA CLORHIDRATO,1 G /100 G,GEL TÓPICO
TERBINAFINA CLORHIDRATO,1 G / 100 G,CREMA
TERBINAFINA CLORHIDRATO,1 G / 100 ML,LOCIÓN
TERBINAFINA CLORHIDRATO,1 G / 100 G,POLVO TÓPICO
TERBINAFINA CLORHIDRATO,10 MG / G,SOLUCIÓN FORMADORA DE PELÍCULA
TERBINAFINA CLORHIDRATO,1G / 100ML,SUSPENSIÓN EN AEROSOL
TERBINAFINA CLORHIDRATO,1 125G / 100 G,SUSUPENSIÓN EN AEROSOL
TIOCONAZOL,1G / 100 G,CREMA
TIOCONAZOL,2 G / 100 G,CREMA
TIOCONAZOL,1 G / 100 G,POLVO TÓPICO
TIOCONAZOL,1 G / 100 ML,LOCIÓN TÓPICA
ÓXIDO DE ZINC + DIÓXIDO DE  TITANIO + VITAMINA A PALMITATO,18 5 G + 8 G + 0 15 G / 100 G,POMADA
TRICLOSÁN,0 2 G / 100 G,POLVO TÓPICO
TRICLOSÁN,0 25 G / 100 G,POLVO TÓPICO
TRICLOSÁN,0 5 G / 100 G,POLVO TÓPICO
TRICLOSÁN,0 002 G / 100 ML,SOLUCIÓN TÓPICA
TRICLOSÁN  + ÁCIDO BÓRICO,0 1 G + 2 5 G / 100 G,POLVO TÓPICO
TRICLOSÁN  + ÁCIDO BÓRICO,0 1 G   +  4 28 G / 100G,POLVO TÓPICO
TRICLOSÁN  + ÁCIDO BÓRICO,0 2 G + 4  5 G / 100 G,POLVO TÓPICO
TRICLOSÁN + ÁCIDO BÓRICO + ÓXIDO DE ZINC,0 15 G + 3 G + 3 G / 100 G,POLVO TÓPICO
TRICLOSÁN + ÁCIDO BÓRICO + ÓXIDO DE ZINC,0 1G + 3 G + 13 3 G / 100 G,POLVO TÓPICO
TRICLOSÁN + ÁCIDO BÓRICO + ÓXIDO DE ZINC,5 G + 0 2 G + 2 G /100 G,POLVO TÓPICO
TRICLOSÁN + ÁCIDO BÓRICO + ÓXIDO DE ZINC,0 2  G+ 5 G + 2 G / 100 G,POLVO TÓPICO
TRICLOSÁN + ÁCIDO BÓRICO + ÓXIDO DE ZINC,0 1 G + 3 G + 6 G/ 100 G,POLVO TÓPICO
TRICLOSÁN + D-PANTENOL,1 1 G + 0 1 G / 100 ML,SOLUCIÓN BUCOFARÍNGEA
TIMEROSAL,0 1 G /100 ML,SOLUCION TÓPICA
TOLNAFTATO,1 G / 100 G,CREMA
TOLNAFTATO,1G / 100 ML,LOCIÓN TÓPICA
TOLNAFTATO,1G / 100 G,POLVO TÓPICO
TOLNAFTATO,1G / 100,ESPUMA
TOLNAFTATO,1G / 100 G,TALCO SECO EN AEROSOL
VITAMINA E  ALFA TOCOFEROL ACETATO,100 MG,CÁPSULA
VITAMINA E  ALFA TOCOFEROL ACETATO,100 MG,TABLETA
VITAMINA E  ALFA TOCOFEROL ACETATO,400 U I,CÁPSULA BLANDA
VITAMINA E  ALFA TOCOFEROL ACETATO,1000 U I  666 67 G,CÁPSULA BLANDA
VITAMINA A  PALMITATO,10000 U I,CÁPSULA
VITAMINA B1  TIAMINA,30 MG,TABLETA
VITAMINA A  PALMITATO  + VITAMINA B1 +VITAMINA B2 + NICOTINAMIDA + CALCIO ELEMENTAL,600 UI + 1 MG + 1 5 MG + 15 MG +15 MG + 500 MG /2 G POLVO,POLVO LIOFILIZADO  PARA RECONSTITUIR A SOLUCIÓN ORAL
VITAMINA A  ACETATO VIT A + BETACAROTENO  +  TIAMINA +  RIBOFLAVINA + NICOTINAMIDA + ÁCIDO PANTOTÉNICO + PIRIDOXINA + CIANOCOBALAMINA + ÁCIDO ASCÓRBICO + VITAMINA D + VITAMINA E + BIOTINA + ÁCIDO FÓLICO + VITAMINA K + CALCIO ELEMENTAL + CLORO + COBRE + CROMO + YODO + MAGNESIO + MANGANESO + MOLIBDENO + NÍQUEL + SELENIO + SILICIO + VANADIO + ZINC + LUTEÍNA + POTASIO + FOSFORO,5000 U I + 1 5 MG + 1 7 MG +  20 MG +  10 MG + 3 MG + 25 MCG + 60 MG + 400 UI + 45 UI + 30 MCG + 400 MCG + 10 MCG +  200 MG + 72 6 MG + 2 MG + 150 MCG +  150 MCG + 100 MG + 2 MG + 75 MCG + 5 MCG + 20 MCG + 2 MG + 10 MCG + 15 MG + 250 MCG + 80 MG + 48 MG,TABLETA
VITAMINA A+ BETACAROTENO+ VITAMINA B1  TIAMINA + VITAMINA B2  RIBOFLAVINA + VITAMINA B3  NIACINAMIDA + VITAMINA B5  ÁCIDO PANTOTÉNICO + VITAMINA B6  PIRIDOXINA + VITAMINA B12  CIANOCOBALAMINA  + VITAMINA C  ÁCIDO ASCÓRBICO + VITAMINA D3+ VITAMINA E+ BIOTINA+ ÁCIDO FÓLICO  MINERALES  CALCIO+ HIERRO+ OLIGOELEMENTOS  COBRE+ CROMO+ MAGNESIO+ YODO+ MANGANESO+ MOLIBDENO+ SELENIO+ ZINC,1 500 UI+ 1 500 UI+ 3 MG+ 3 4 MG+ 20 MG+ 10 MG+ 12 MCG+ 10 MG+ 100 MG+ 250 UI+ 30 UI+ 30 MCG+ 1 MG+ 250 MG+ 60 MG+ 2 MG+ 25 MCG+ 50 MG+ 150 MCG+ 5 MG+ 25 MCG+ 25 MCG+ 25 MG,TABLETA
VITAMINA A  20% COMO BETACAROTENO  + VITAMINA B1  TIAMINA  + VITAMINA B2  RIBOFLAVINA  + VITAMINA B3  NIACINA O NICOTINAMIDA  + VITAMINA B5  ÁCIDO PANTOTÉNICO  + VITAMINA B6  PIRIDOXINA  + VITAMINA B12  CIANOCOBALAMINA  + VITAMINA C  ÁCIDO ASCÓRBICO  + VITAMINA D  COLECALCIFEROL  + VITAMINA E  DI-ALFATOCOFEROL ACETATO  + VITAMINA K  FITONADIONA  + BIOTINA + ÁCIDO FÓLICO + CALCIO + HIERRO + FÓSFORO + MAGNESIO + POTASIO + ZINC,1100 UI  + 0 5 MG + 0 5 MG + 5 MG + 4 MG + 1 MG + 1 ΜG + 30 MG + 125 UI  + 7 5 UI  + 10 ΜG + 40 ΜG +  195 ΜG + 100 MG + 4 5 MG + 77 MG + 40 MG + 1 75 MG + 2 8 MG,TABLETA MASTICABLE
VITAMINA A  BETA-CAROTENO  + VITAMINA B1 + VITAMINA B2 + VITAMINA B6 + VITAMINA B12 + VITAMINA C + VITAMINA D + VITAMINA E + ÁCIDO FÓLICO + BIOTINA + NIACINA + CROMO + COBRE + HIERRO + YODO + MOLIBDENO + SELENIO + ZINC + MAGNESIO + CALCIO,2MG +  1 4MG + 1 4MG + 1 9MG + 2 6MG + 85MG + 200 UI + 15MG + 600ΜG + 30ΜG + 18MG + 30ΜG + 1MG + 27MG + 200ΜG + 50ΜG + 60ΜG + 11MG + 53MG + 150MG,TABLETA
VITAMINA A ACETATO + VITAMINA C + VITAMINA D + VITAMINA E + VITAMINA K + VITAMINA B1 + VITAMINA B2 + NIACINA + PIRIDOXINA + ÁCIDO FÓLICO + VITAMINA B-12 + BIOTINA + D-CALCIO PANTOTENATO + CARBONATO DE CALCIO + FOSFATO DE CALCIO DIBÁSICO + YODO DE POTASIO + ÓXIDO DE MAGNESIO + ÓXIDO DE ZINC + SELENATO DE SELENIO + SULFATO DE COBRE + SULFATO DE MANGANESO + CLORURO DE CROMO + MOLIBDATO DE SODIO + CLORURO DE POTASIO + SULFATO DE NIQUEL + DIÓXIDO DE SILICIO + METAVANADATO DE SODIO + BORATO DE SODIO + LUTEÍNA + LICOPENO,5MG  BETA CAROTENO AL 20% 3 1MG  + 60MG + 4MG + 90MG + 1MG + 1 5MG +  1 7MG + 20MG + 3 7MG + 400MCG + 2 5MG + 3MG + 11MG + 390MG + 207MG + 200MCG + 167MG + 19MG + 48MCG + 5 7MG + 6MG + 457MCG + 161MCG + 154MG + 11MCG + 4 3MG + 24MCG + 283MCG + 1 25MG + 3MG,TABLETA
VITAMINA A + RIBOFLAVINA + PIRIDOXINA + VITAMINA B12 + NICOTINAMIDA + VITAMINA C + PANTOTENATO DE CALCIO + ZINC + TIAMINA MONONITRATO,5300UI + 2 5MG + 1 5MG + 7MCG + 37MCG + 100MG + 10MG + 11 25MG + 2 5MG,GRANULADO
VITAMINA A  PALMITATO  + VITAMINA B1 +  VITAMINA B2 + VITAMINA B6 + VITAMINA B12 + VITAMINA C + VITAMINA D + VITAMINA E + D-BIOTINA + CALCIO + ÁCIDO FÓLICO + NICOTINAMIDA + CALCIO + MAGNESIO + HIERRO + MANGANESO + FÓSFORO + COBRE + ZINC,3 333UI + 1 5MG + 1 7MG + 2 2MG + 0 003MG + 60MG + 300UI + 15MG + 0 2MG + 5 5MG + 0 1MG + 19MG + 62 5MG + 50MG + 4 5MG + 0 3MG + 62 5 + 0 5MG + 3 75MG,TABLETA LACADA
VITAMINA A + TIAMINA + RIBOFLAVINA + PIRIDOXINA + CIANOCOBALAMINA +  ÁCIDO ASCÓRBICO + VITAMINA D3 + NICOTINAMIDA + ÁCIDO FÓLICO + CARBONATO DE CALCIO + FUMARATO FERROSO + ÓXIDO DE ZINC + VITAMINA E + DHA,2664 UI + 3 MG + 3 4 MG +  4 0 MG + 2 2 ΜG + 70 MG + 400 UI + 17 MG + 600 ΜG + 125 MG + 30 MG + 15 MG + 10 UI + 150 MG,CÁPSULA BLANDA
VITAMINA A  PALMITATO DE RETINOL  +  COLECALCIFEROL + ALFA TOCOFEROL +  FITOMENADIONA + HIDROCLORURO DE TIAMINA + RIBOFLAVINA + PIRIDOXINA + CIANOCOBALAMINA + NICOTINAMIDA + ÁCIDO FÓLICO + ÁCIDO D-PANTOTÉNICO + BIOTINA + ÁCIDO ASCÓRBICO +  GLICEROFOSFATO CÁLCICO + FÓSFORO +  GLICEROFOSFATO CÁLCICO + CALCIO + MAGNESIO + HIERRO + ZINC + MANGANESO + FLUORURO +  COBRE + YODO + SELENIO + MOLIBDENO + CROMO,2666UL + 200UI + 10MG + 30MG + 4 2MG + 4 8MG + 6MG + 3MCG + 54MG + 0 6MG + 18MG + 0 45MG + 180MG + 34 47MG + 126MG + 44 6MG + 120MG + 45MG + 8MG + 8MG + 1 8MG +  1 5MG + 0 9MG + 75MCG + 55MCG + 45MCG + 25MCG,TABLETA EFERVESCENTE
"VITAMINA A 2664 UI  COMO PALMITATO  2 664 MG + VITAMINA D3 400 UI  COLECALCIFEROL  0 40 MG + VITAMINA C  ACIDO ASCORBICO  70 0 MG + VITAMINA B1  TIAMINA MONONITRATO  3 0 MG
 + VITAMINA B2  RIBOFLAVINA  3 40 MG + NICOTINAMIDA 17 0 MG
 + VITAMINA B6  PIRIDOXINA CLORHIDRATO  4 0 MG
 + ACIDO FOLICO 0 60 MG
 + VITAMINA B12  CIANOCOBALAMINA  2 20 MCG
 + HIERRO 30 MG  FUMARATO FERROSO  91 27 MG + 
  ZINC 15 MG  OXIDO DE ZINC  18 67 MG + CALCIO 125 MG  COMO CARBONATO DE CALCIO  311 95 MG + VITAMINA E  DL-ALFA TOCOFEROL ACETATO  10 0 MG","2664 UI  + 400 UI + 70 0 MG +  3 0 MG
 + 3 40 MG + 17 0 MG  +  4 0 MG  + 0 60 MG  +  2 20 MCG  +  30 MG + 15 MG  +  125 MG  + 10 0 MG",CAPSULA BLANDA
VITAMINA B1  TIAMINA  + VITAMINA B6  PIRIDOXINA,100MG  + 150 MG,TABLETA
VITAMINA B1+RIBOFLAVINA+NICOTINAMIDA+PIRIDOXINA CLORHIDRATO,10MG+10MG+50MG+20MG,TABLETA
VITAMINA B1 + RIBOFLAVINA + PIRIDOXINA + CIANOCOBALAMINA + ÁCIDO PANTOTÉNICO +  BIOTINA + ÁCIDO ASCÓRBICO + ÁCIDO FÓLICO +  CALCIO + MAGNESIO + ZINC,15MG + 15MG + 15MG + 0 01MG + 23MG + 0 150MG + 500MG + 0 4MG + 100MG + 100MG + 10MG,TABLETA EFERVESCENTE
VITAMINA B1 + VITAMINA B2 + VITAMINA B6 + VITAMINA B12 + ÁCIDO FÓLICO + VITAMINA C + BIOTINA + NICOTINAMIDA + ÁCIDO PANTOTÉNICO + CALCIO + MAGNESIO + ZINC,15MG + 15MG + 10MG + 0 01MG + 0 4MG + 500MG + 0 15MG + 50MG + 23MG + 100MG + 100MG + 10MG,TABLETA
VITAMINA D3  COLECALCIFEROL   + CALCIO +  SULFATO CÚPRICO  COBRE  + SULFATO DE MANGANESO  MANGANESO  + ÓXIDO DE MAGNESIO  MAGNESIO  + BORO + SULFATO DE ZINC MONOHIDRATO EQUIVALENTE A ZINC,200 U I  + 600 MG + 1 MG + 1 8 MG +  40 MG + 250 ΜG + 7 5 MG,TABLETA
VITAMINA E,1000 U I,CAPSULA BLANDA
VITAMINA E + COBRE + ÁCIDO ASCÓRBICO + GLUCONATO DE ZINC + BETACAROTENO + SELENIO + RIBOFLAVINA + LUTEÍNA  ZEAXANTINA,100UI + 2MG + 300MG + 40MG + 10000UI + 50MCG + 20MG + 4MG  176MCG,TABLETA DE LIBERACIÓN PROLONGADA
VIATMINA B1  TIAMINA MINOHIDRATO  + VITAMINA B2  RIBOFLAVINA  + NICOTINAMIDA  + VITAMINA B6  PRIRIDOXINA CLORHIDRATO   + ACIDO FOLICO + VIATMINA B12  CIANOCOBALAMINA  + HIERRO  FUMARATO FERROSO  + ZINC  OXIDO DE ZINC  + CALCIO  CARBONATO DE CALCIO   + VITAMINA E  DL ALFA TOCOFEROL ACETATO,3 0MG+ 3 40MG+17 0MG + 4 0MG + 0 60MG + 2 20MCG +91 27 MG + 18 67 MG +311 95MG +10 0 MG,CAPSULA BLANDA
UREA,0 2,ESPUMA TÓPICA EN AEROSOL
YODO,2 100 G DE COMPLEJO ÁCIDO YODHÍDRICO YODO  1 080 DE ÁCIDO YODHÍDRICO / 100 ML,SOLUCIÓN TÓPICA
YODO,0 8G  DE COMPLEJO YODO-IODHÍDRICO  EQUIVALENTE A YODO 0 93 / 100 ML,SOLUCIÓN
YODO,45G DE COMPLEJO YODO-POLAXAMER   EQUIVALENTE A 0 75G DE YODO DISPONIBLE,EMULSIÓN  CHAMPÚ
YODO,6 GRAMOS DE COMPLEJO YODO POLIETILENOXI POLIPROPOXI POLIETOXI ETANOL FORMADO POR   POLIETOXI POLIPROPOXI POLIETOXI ETANOL,SOLUCIÓN
YODO-YODURO SODIO YODATO POTASIO COMPLEJO,0 616 MG / 100 ML,JABÓN LÍQUIDO
YODOPOLIVINILPIRROLIDONA,8G,SOLUCION  TOPICA
YODOPOLIVINILPIRROLIDONA,8G /100 ML  EQUIVALE A 0 8G DE YODO,SOLUCIÓN BUCOFARINGEA
YODOPOLIVINILPIRROLIDONA,10 5G / 100ML,SOLUCION  TOPICA
YODOPOLIVINILPIRROLIDONA / YODOPOVIDONA,10 G /100 ML,UNGÜENTO
YODOPOLIVINILPIRROLIDONA / YODOPOVIDONA,1G / 100 ML,SOLUCIÓN TÓPICA
YODOPOLIVINILPIRROLIDONA / YODOPOVIDONA,0 08,ESPUMA
YODOPOLIVINILPIRROLIDONA / YODOPOVIDONA,5G / 100 ML,LOCIÓN
YODOPOLIVINILPIRROLIDONA / YODOPOVIDONA,10 G /100 ML,LOCIÓN
YODOPOLIVINILPIRROLIDONA / YODOPOVIDONA,11G / 100 ML,LOCIÓN
YODOPOLIVINILPIRROLIDONA / YODOPOVIDONA,11 MG / 120 ML,CHAMPÚ
YODOPOLIVINILPIRROLIDONA / YODOPOVIDONA,0 075,NO REPORTA
YODO POLIVINIL PIRROLIDONA+MENTOL LEVOROTATORIO+SALICILATO DE METILO,0 1 G / 100 G,CREMA TOPICA
YODO POLIVINIL PIRROLIDONA+MENTOL LEVOROTATORIO+SALICILATO DE METILO,10 G / 100 G,CREMA TOPICA
YODO POLIVINIL PIRROLIDONA+MENTOL LEVOROTATORIO+SALICILATO DE METILO,35 G / 100 G,CREMA TOPICA
YODOPOLIVINILPIRROLIDONA EQUIVALENTE A YODO LIBRE+ALCANFOR+MENTOL+SALICILATO DE METILO,10 MG + 1 G +1 G +12 G / 100 ML,SOLUCIÓN TÓPICA
YODURO DE TIBEZONIO,5 MG,TABLETA
